 11 1.3979
 37 1.3979
  6 1.5897
 14 1.2218
 23 1.5897
 16 1.3979
 40 1.3979
  2 0.9208
  7 0.9208
 19 1.4752
 27 1.1980
 37 0.9208
 43 0.9208
  7 2.2104
 11 1.2218
 26 1.2218
 43 1.2218
 19 1.3979
 43 1.3979
 22 1.8188
 43 1.3979
 24 2.2104
 27 2.7219
 30 1.3979
 43 2.0649
  2 1.4271
  5 1.0969
 22 1.0969
 43 2.4177
 22 1.2218
 26 1.2218
 42 1.2218
 12 1.0969
 19 1.0969
 27 1.0969
 43 1.0969
  2 0.6576
  7 1.0535
 16 0.6576
 21 0.6576
 27 1.1172
 28 0.6576
 30 0.6576
 37 1.1172
 38 0.6576
 43 0.9713
 50 0.6576
  7 2.2104
 11 1.8188
 29 2.0649
 19 1.3979
 37 1.3979
 10 1.0000
 19 1.0000
 26 1.3010
 27 1.3010
 29 1.0000
  7 1.2218
 40 1.8048
 44 1.2218
 43 2.2104
  5 2.2104
 27 2.7219
 27 1.8188
 43 2.0649
  7 1.2218
 27 1.5897
 43 1.2218
  2 1.2218
  5 1.2218
 18 1.2218
 43 2.7219
  5 2.0649
 22 1.3979
 43 2.5096
  2 1.0000
 35 1.0000
 43 1.3010
 47 1.4771
 50 1.0000
  7 1.4271
 22 1.0969
 43 2.1436
 47 1.0969
 43 2.2104
 19 1.8188
 36 1.3979
 14 2.2104
  5 1.4271
 19 1.0969
 43 1.4271
 44 1.0969
  2 1.3979
  5 1.3979
  5 2.0649
 43 1.3979
  7 2.2104
  7 1.3010
  9 1.3010
 19 1.7782
 28 1.3010
 43 1.4771
  8 1.2218
 19 1.5897
 44 1.2218
 22 1.3979
 43 2.0649
 29 2.2104
  9 1.2218
 40 1.2218
 50 1.2218
 26 1.0969
 29 1.0969
 34 1.0969
 42 1.4271
  8 1.0969
 16 1.0969
 25 1.0969
 33 1.0969
 30 1.3979
 38 1.3979
 42 1.3979
 43 1.3979
  7 2.2104
 43 3.0210
 43 2.2104
  7 2.5096
 25 1.3979
 43 3.5736
 26 2.2104
 43 2.8865
  2 1.3979
 47 2.0649
  5 2.8865
 22 2.2104
 27 2.5096
 27 2.5096
 34 3.2333
 43 4.2562
 43 2.5096
 27 2.2104
 50 2.2104
 27 2.2104
  2 0.9208
 16 0.9208
 19 1.1980
 27 0.9208
 28 0.9208
 43 0.9208
  7 1.3979
 39 2.0649
  5 1.4271
 11 1.0969
 37 1.4271
 42 1.0969
  9 1.3979
 34 1.3979
 22 1.3979
 24 1.3979
 43 2.2104
  5 1.3979
 47 1.3979
 47 2.2104
  7 2.2396
 15 1.3979
 11 0.9208
 26 1.6374
 28 0.9208
 29 1.4752
 31 0.9208
 51 0.9208
 39 1.3979
 43 2.3751
  7 3.0210
  5 2.2104
  8 1.3979
 43 1.3979
 16 1.0969
 19 1.0969
 27 1.0969
 48 1.4271
 41 2.2104
 27 1.8188
 42 1.3979
 43 2.2104
  7 2.2104
 22 3.1348
 24 1.2218
 37 1.2218
 43 1.2218
 16 1.3979
 44 1.3979
 19 1.8048
 27 1.9575
 42 1.2218
 43 2.2104
 26 3.1348
 22 2.2396
 34 1.3979
 34 1.3979
 43 1.3979
  7 0.8539
  9 0.8539
 34 0.8539
 37 0.8539
 40 1.1109
 43 1.1109
 47 1.1109
 18 1.3979
 43 1.3979
  2 1.3979
 19 1.3979
 11 1.3979
 21 1.8188
  7 2.8865
  5 2.2104
 19 1.3979
 44 1.3979
  2 2.8865
  5 1.5897
  7 1.2218
 43 1.2218
  7 0.9208
 19 0.9208
 34 0.9208
 43 1.3602
 50 0.9208
 51 0.9208
 42 1.3979
 43 1.8188
  8 1.0000
 16 1.6021
 19 1.3010
 28 1.0000
 43 1.0000
  4 1.0969
 11 2.0239
 21 1.0969
 29 1.4271
  7 1.1109
 16 0.8539
 19 0.8539
 27 1.1109
 28 0.8539
 43 1.2613
 50 1.1109
  3 1.1109
 11 0.8539
 19 1.5183
 28 0.8539
 29 0.8539
 37 0.8539
 43 0.8539
  2 2.2104
 19 1.5897
 40 1.2218
 43 1.2218
  7 2.0649
 40 1.3979
  7 1.0969
  9 1.0969
 11 1.0969
 43 1.6203
 19 1.4771
 22 1.0000
 24 1.0000
 43 1.0000
 49 1.0000
  9 0.9208
 11 0.9208
 27 0.9208
 40 0.9208
 43 0.9208
 44 1.1980
  5 2.5096
 50 2.2104
 31 1.3979
 41 1.3979
 37 1.3979
 43 1.3979
  5 3.3202
 27 2.2104
  5 2.2104
  2 2.2104
  5 2.2104
  5 2.5096
 27 4.0439
  2 2.7219
 22 2.2104
 22 1.3979
 40 1.3979
 40 2.2104
 29 2.2104
 34 2.0649
 50 2.3751
 28 1.8188
 36 1.3979
 42 1.3979
 43 1.3979
  8 1.7573
 16 1.0969
 25 1.0969
 41 1.0969
  2 0.6576
  7 1.2514
 10 0.6576
 16 0.6576
 19 0.6576
 22 0.6576
 27 1.6192
 37 0.8555
 42 0.6576
 43 1.3672
 44 0.6576
  4 2.3751
  5 1.3979
 26 2.0649
 34 1.3979
  5 3.1348
  2 2.2104
  5 2.2104
  2 1.0000
 19 1.0000
 33 1.3010
 41 1.3010
 43 1.0000
  7 1.3979
 43 1.3979
  9 1.0000
 19 2.0414
 28 1.6021
 43 1.7782
 44 1.3010
  9 2.2104
 10 1.0969
 19 1.4271
 27 1.0969
 43 1.9505
  9 1.2218
 16 1.2218
 43 1.5897
 38 1.3979
 42 1.3979
  7 1.8188
 29 2.0649
  5 3.0210
  5 2.0649
 22 1.3979
  5 1.8188
 30 1.8188
 43 2.2104
  6 1.3010
 14 1.0000
 23 1.3010
 28 1.3010
 50 1.0000
  5 2.2104
  9 0.9094
 11 0.6990
 19 0.6990
 22 1.0325
 26 0.9094
 27 1.4269
 37 0.9094
 42 0.6990
 43 1.6232
 44 0.9094
 10 1.0969
 21 1.0969
 27 1.0969
 43 1.0969
 19 1.3979
 43 1.3979
 19 2.2104
 27 2.2104
 43 1.3979
 50 1.3979
  7 2.2104
 43 2.2396
 44 1.3979
 43 2.2104
  3 1.0969
 14 1.4271
 31 1.0969
 43 1.0969
  2 1.3979
 43 2.5793
  7 1.4771
 19 1.3010
 28 1.3010
 43 1.3010
 47 1.6990
  2 2.3253
  7 1.5897
 37 1.8048
  7 1.8188
 29 1.8188
 50 2.2104
 43 2.2104
  9 2.5096
  9 1.2218
 29 2.3878
 43 1.2218
 19 1.3979
 28 1.3979
  7 3.2463
 40 2.0649
  7 0.9094
 11 0.6990
 21 0.6990
 22 1.5928
 27 1.0325
 30 0.6990
 37 0.9094
 40 0.6990
 43 1.1198
 50 1.0325
  7 1.8188
 40 2.0649
  9 1.3979
 40 1.3979
  5 2.5096
 11 2.3751
 29 2.5793
 27 2.0649
 43 1.3979
  8 1.3979
 28 1.3979
 43 3.4683
  5 2.2104
 43 1.3979
 51 1.8188
 19 1.7782
 28 1.3010
 36 1.0000
 43 1.3010
 44 1.0000
 14 1.3979
 23 1.3979
 25 1.3979
 43 1.3979
 43 2.8865
 16 1.2218
 37 1.2218
 43 2.2544
 43 2.2104
  5 2.3188
  9 1.4271
 37 1.0969
 43 1.6203
 43 2.2104
 26 3.0210
  2 2.2104
  7 2.5096
  2 2.2396
 27 2.3751
  9 2.7219
 19 1.8188
 29 2.2396
  5 2.7219
 19 1.3979
 43 1.8188
 37 1.3979
 43 1.3979
 43 3.1348
 11 1.3979
 29 1.8188
 27 2.2104
 27 1.8188
 44 1.3979
 19 1.2218
 26 1.2218
 41 1.2218
  5 2.5096
  2 1.5897
 19 1.2218
 44 1.5897
 15 1.3979
 43 1.3979
 26 1.3979
 27 1.3979
 28 2.2104
 19 1.3979
 44 1.3979
  2 3.1348
 19 1.0000
 22 1.0000
 24 1.0000
 29 1.0000
 43 1.0000
 40 2.2104
  7 1.3979
 47 1.3979
  2 1.2218
  5 1.5897
 22 1.2218
 26 2.2104
  7 2.2396
 40 2.2396
 27 2.5096
  2 1.2218
 19 1.5897
 43 1.2218
 26 1.3979
 27 1.3979
 43 3.1348
  3 1.4771
  7 1.6990
 29 1.0000
 37 1.6990
 47 1.0000
 27 2.2104
  7 2.2104
  7 1.3010
  8 1.0000
 10 1.0000
 34 1.0000
 43 1.0000
  2 1.2218
 21 1.2218
 51 1.2218
  2 1.3979
  5 1.8188
  2 1.3602
  7 0.9208
 11 0.9208
 19 1.1980
 27 1.6374
 43 1.5644
  7 1.0969
  8 1.0969
 19 1.0969
 47 1.0969
 27 2.2104
 10 1.2218
 19 1.5897
 34 1.2218
 43 2.2104
 46 3.2333
  2 1.2218
 17 1.2218
 41 1.2218
  7 1.3979
 47 1.3979
 19 1.4271
 34 1.7573
 50 1.8636
 51 1.0969
 22 1.0969
 27 1.0969
 43 1.4271
 50 1.8636
  7 1.6203
 27 1.6203
 40 1.0969
 43 1.4271
 19 1.8188
 43 1.8188
  7 1.3680
 19 1.1109
 34 1.1109
 40 1.4507
 42 0.8539
 43 1.3680
 50 0.8539
  5 2.2104
 27 2.2104
 27 1.3979
 43 1.3979
 43 2.2104
  5 2.2104
  7 1.3010
 22 1.0000
 27 1.6021
 41 1.0000
 43 1.7782
 19 1.9575
 28 1.5897
 44 1.5897
 27 2.2104
 43 2.7219
 27 2.2104
 19 1.0969
 27 1.4271
 34 1.0969
 43 1.0969
 33 1.8188
 43 3.0002
 43 2.2104
 33 1.3979
 43 1.3979
 43 2.5096
 19 2.2104
  7 1.0325
 11 0.9094
 15 0.9094
 18 0.9094
 22 0.6990
 29 1.0325
 34 0.6990
 37 0.9094
 38 0.9094
 46 0.6990
  7 1.8188
 38 1.3979
 11 1.8188
 47 1.8188
  2 1.4271
  7 1.0969
 27 1.9505
 36 1.0969
 21 1.2218
 25 1.5897
 43 1.2218
 19 1.2218
 37 1.5897
 43 1.5897
 28 2.2104
 50 2.5096
 19 1.8188
 37 1.8188
  2 1.0000
 19 1.0000
 22 1.6021
 43 1.3010
 47 1.8451
 19 1.3979
 43 1.3979
 28 1.3979
 46 1.3979
  7 1.3010
 19 1.0000
 28 1.0000
 36 1.0000
 44 1.0000
  7 1.2218
 27 2.1726
 43 1.2218
 43 3.9454
  2 1.3979
 12 1.3979
  9 1.3979
 15 1.3979
 43 2.2104
  7 1.0969
 30 1.0969
 38 1.0969
 46 1.7573
  2 1.0969
 29 1.0969
 43 1.0969
 46 1.8636
  2 1.3979
 19 1.3979
 43 2.2104
  9 1.3979
 43 1.3979
 19 2.2104
  2 1.8048
 29 1.2218
 37 1.2218
  7 1.1756
  9 0.7959
 10 1.0355
 19 0.7959
 27 1.0355
 28 0.7959
 29 1.0355
 43 0.7959
 19 1.2218
 43 1.2218
 47 1.2218
 15 2.5096
 13 1.2218
 27 1.8048
 43 1.2218
 41 2.2104
  7 1.3979
 47 1.3979
  9 0.7959
 19 0.7959
 27 1.0355
 29 1.0355
 40 0.7959
 42 0.7959
 43 0.7959
 50 0.7959
 19 2.2104
  8 1.2218
 16 1.2218
 25 1.2218
  7 1.9575
 29 1.5897
 37 1.2218
  2 2.2104
 43 2.2104
 19 3.4683
  5 2.2104
 11 1.3979
 37 1.8188
  5 2.2104
  8 1.0000
 16 1.0000
 25 1.4771
 39 1.0000
 43 2.0792
 19 1.3979
 51 1.3979
 26 1.3979
 29 1.8188
 29 2.2104
 29 3.8715
  9 2.2104
  2 1.2218
 19 1.9575
 28 1.2218
  7 1.3979
 27 1.8188
 23 1.3979
 43 1.3979
 26 2.2104
 27 2.2104
  2 1.4771
 26 1.0000
 27 1.0000
 37 1.0000
 43 1.4771
 19 3.0002
 28 2.0649
 40 2.7219
  2 2.8865
  4 1.2218
 11 1.5897
 43 1.2218
 42 1.3979
 43 1.3979
 27 1.3979
 43 1.3979
 27 1.2218
 29 1.2218
 43 2.0759
 43 1.3979
 46 1.3979
  5 2.2104
 11 1.3979
 19 1.3979
  2 1.3979
 44 1.3979
 30 1.3979
 38 2.2396
  2 2.5096
  2 1.3979
  9 2.0649
 34 1.3979
 50 1.3979
 16 1.3979
 19 2.0649
  5 2.2104
  4 1.5897
 12 1.5897
 21 1.5897
  3 1.0000
 15 1.0000
 40 1.9542
 43 1.0000
 49 1.0000
  7 1.6990
  9 1.3010
 34 1.4771
 43 1.3010
 50 1.0000
  2 1.3979
 36 1.3979
  5 1.8188
 29 1.3979
  7 3.5915
  7 1.3979
 27 1.3979
 25 1.2218
 29 1.2218
 43 1.2218
  9 1.2218
 27 1.2218
 43 1.2218
 27 3.0210
  2 1.1109
  7 0.8539
  9 0.8539
 19 0.8539
 26 0.8539
 28 0.8539
 43 1.2613
 19 1.2218
 43 1.5897
 47 1.5897
  2 1.3979
 10 1.3979
 43 2.5096
  5 2.2104
 10 1.8188
 22 1.3979
  5 1.2218
  7 1.2218
 43 1.2218
 19 1.0969
 27 1.0969
 40 1.0969
 43 1.4271
  9 1.8188
 42 1.3979
 39 1.3979
 43 1.8188
  2 2.0649
 43 2.0649
 19 1.3010
 43 1.3010
 46 1.6021
 50 1.0000
 51 1.9031
 40 1.8188
 43 1.3979
  7 2.2104
 43 2.8865
 40 1.3979
 43 1.8188
 11 1.2218
 29 2.1726
 37 1.2218
 27 1.3979
 43 1.3979
  7 1.5897
 43 1.2218
 47 1.2218
  2 1.3979
 43 1.3979
  2 1.3979
 27 1.3979
  7 1.2218
 19 1.5897
 43 1.5897
 21 1.2218
 43 1.5897
 49 1.8048
  2 2.3751
 27 2.9066
 21 1.3979
 43 2.0649
 22 2.2104
 19 2.2104
  2 2.7219
  2 2.5096
  2 1.3979
 22 1.3979
  2 1.1109
 10 0.8539
 16 0.8539
 19 1.3680
 43 1.8325
 44 0.8539
 51 0.8539
 28 1.3979
 36 1.8188
  4 1.4271
 43 1.0969
 47 1.0969
 50 1.4271
  7 0.9208
 27 0.9208
 28 0.9208
 31 0.9208
 37 0.9208
 43 1.1980
 25 2.2104
 34 2.2104
  9 1.3979
 50 1.8188
  2 3.0210
 10 1.3979
 43 1.3979
 27 1.3979
 29 2.4857
 27 1.8188
 47 1.8188
  5 1.0969
 30 1.0969
 37 1.0969
 47 1.0969
 43 2.5096
  7 2.5096
 27 3.0210
 28 1.2218
 36 1.2218
 43 1.2218
 49 2.2104
 11 1.4271
 29 1.4271
 37 1.0969
 50 1.0969
 43 2.2104
 29 1.8188
 37 1.3979
 34 1.8188
 50 2.3751
 43 2.7219
 27 2.7219
 47 2.2104
 14 2.2104
 43 2.2104
  8 1.3979
 23 1.3979
 19 2.5096
 25 2.2104
  7 1.0000
 26 1.0000
 27 1.0000
 37 1.0000
 43 1.0000
 29 2.2104
  7 1.3979
 43 1.8188
  9 1.2218
 19 1.2218
 28 1.5897
 22 2.5096
 26 2.2104
  5 1.3979
 29 2.2396
 43 2.7219
 47 3.2333
  2 1.1980
 18 0.9208
 19 0.9208
 22 0.9208
 24 0.9208
 30 0.9208
 42 2.2104
 27 4.0125
  4 1.3979
 29 3.3760
 27 1.3979
 43 1.3979
  2 0.7959
  7 1.0355
  9 0.7959
 16 0.7959
 27 0.7959
 38 0.7959
 40 0.7959
 43 1.4685
  7 0.9208
 11 0.9208
 19 0.9208
 40 1.1980
 43 0.9208
 47 0.9208
  2 1.8048
 19 1.2218
 25 1.2218
  2 0.9208
 27 0.9208
 29 1.1980
 42 1.1980
 43 0.9208
 44 0.9208
  7 2.7219
  2 1.0000
  9 1.0000
 27 1.0000
 38 1.8451
 46 1.7782
  7 1.6203
 33 1.4271
 40 1.0969
 43 1.7573
  7 3.0210
  2 1.2218
 26 1.2218
 33 1.8048
  7 3.1348
  7 2.2104
 19 1.5897
 29 1.2218
 43 1.2218
 10 1.8188
 49 1.3979
 30 2.0649
 38 2.0649
 19 2.7219
  2 1.3979
 27 2.3751
 10 1.5897
 27 1.2218
 43 1.2218
  4 1.2218
 11 1.5897
 29 2.4943
 27 2.7219
  2 1.0969
  7 1.8636
 27 1.4271
 43 1.6203
 34 1.3979
 50 1.8188
  7 1.2218
 19 1.5897
 43 1.2218
  7 1.2218
 19 1.2218
 27 2.7253
 43 2.7219
  5 1.8188
 22 1.3979
 25 1.3979
 43 1.3979
 37 1.2218
 43 2.0759
 49 1.2218
  8 1.3979
 43 1.8188
 29 2.7219
  2 2.2104
 19 2.0649
 36 1.3979
  8 1.2218
 10 1.2218
 19 1.8048
 42 2.2104
 43 2.2104
 43 2.5096
  7 1.0969
 11 2.0239
 29 1.0969
 40 1.0969
  7 1.4271
  9 1.4271
 19 1.4271
 43 1.6203
 43 3.0210
  7 0.9094
 10 0.6990
 18 0.6990
 22 0.9094
 27 0.9094
 29 0.6990
 38 0.6990
 40 0.6990
 41 0.6990
 50 0.6990
  7 1.3979
 11 1.3979
 47 2.2104
  2 0.9208
 11 0.9208
 19 1.1980
 22 0.9208
 29 1.1980
 43 1.6990
 43 1.3979
 44 1.8188
  5 2.5096
  7 1.3979
 43 1.3979
  9 1.3979
 22 1.3979
 43 2.5096
  2 0.9208
  9 0.9208
 10 0.9208
 26 1.1980
 37 1.1980
 50 1.3602
  5 2.2104
 19 1.8048
 28 1.2218
 43 1.2218
 27 2.5096
  2 2.4857
 19 1.3979
 51 2.2104
  9 1.2218
 38 1.2218
 43 2.1726
  2 2.0649
 27 1.3979
 27 2.2104
  4 1.2218
 22 1.2218
 43 1.2218
 36 1.3979
 43 1.3979
 43 2.2104
 19 1.0969
 36 1.0969
 37 1.4271
 43 1.4271
 31 1.2218
 41 1.2218
 43 1.2218
 43 3.1348
  7 1.9031
 27 1.0000
 29 1.3010
 40 1.6021
 43 1.6990
 19 1.2218
 26 1.2218
 43 2.0759
  7 2.2104
  7 1.3979
 37 1.3979
 19 2.3751
 28 1.3979
 19 1.0969
 31 1.0969
 43 1.7573
 49 1.0969
  2 1.1001
  7 0.9689
 21 0.7447
 30 0.7447
 33 0.7447
 38 1.1001
 42 0.7447
 43 1.3741
 46 0.7447
 19 2.6604
 28 1.3979
 43 2.7219
  4 1.3979
 37 2.3751
 27 2.5096
 11 1.2218
 43 1.2218
 47 1.5897
 27 1.0969
 28 1.0969
 37 1.0969
 43 1.0969
 34 1.8188
 50 1.3979
  9 2.2104
 43 1.3979
 48 1.3979
 19 3.3979
 19 1.5897
 28 1.2218
 43 1.5897
  7 1.2218
 19 1.2218
 43 1.2218
  7 1.2218
 26 1.2218
 43 1.8048
  2 0.9208
 22 0.9208
 26 0.9208
 42 0.9208
 43 0.9208
 47 0.9208
  4 1.3979
 26 1.3979
 43 2.2104
  2 2.5096
 19 1.2218
 27 1.2218
 40 1.2218
 19 2.2104
 19 2.2104
 29 3.0210
  2 0.9208
  9 1.3602
 19 0.9208
 27 0.9208
 34 1.1980
 43 2.0538
 16 0.9208
 19 1.6990
 28 1.1980
 30 1.7524
 38 1.1980
 47 1.3602
 29 1.2218
 44 1.2218
 47 1.2218
 19 1.2218
 27 1.5897
 28 1.2218
 27 3.1348
  2 1.2218
 11 1.2218
 19 1.2218
 27 1.2218
 31 1.2218
 43 1.8048
 19 1.3979
 44 1.3979
 34 2.0649
 50 1.3979
  2 1.7573
  7 1.4271
 19 1.0969
 37 1.0969
  7 0.9208
  8 0.9208
 19 1.9466
 28 0.9208
 43 1.7524
 44 0.9208
  7 2.2104
 22 1.0969
 27 1.4271
 34 1.0969
 43 1.0969
  4 0.8539
 11 1.1109
 22 0.8539
 26 0.8539
 27 2.1151
 29 1.1109
 38 0.8539
  7 1.3979
 40 2.5793
  2 1.3602
  5 0.9208
  7 1.9145
 19 1.1980
 43 1.1980
 44 0.9208
  5 2.2104
 19 1.5897
 27 1.9575
 49 1.5897
 20 2.2104
 43 3.4683
 43 2.7219
 19 1.3979
 47 1.8188
  8 1.3010
 25 1.6990
 34 1.0000
 40 1.0000
 43 1.0000
  7 1.3979
 40 2.2396
  7 1.3979
 26 1.3979
  5 1.5897
  7 1.2218
 43 1.2218
  7 0.9094
  8 0.6990
  9 0.9094
 19 0.6990
 26 0.6990
 29 1.0325
 33 0.6990
 42 0.6990
 43 0.9094
 50 0.9094
  9 1.8188
 43 1.3979
 43 1.3979
 47 1.3979
 19 1.3979
 44 1.3979
  7 2.0759
 40 1.2218
 46 1.9575
 19 1.2218
 27 1.2218
 43 1.5897
 43 2.2104
 47 2.5096
 47 2.2104
  7 2.2104
 27 2.7219
 27 2.2104
  9 1.3010
 25 1.0000
 30 1.9031
 38 2.4914
 46 1.8451
 38 1.8188
 46 2.4857
  9 1.2218
 42 1.2218
 43 1.8048
  7 1.3979
 34 2.2396
  7 1.7782
 15 1.3010
 24 1.0000
 32 1.4771
 40 1.0000
 19 2.2104
 43 2.2104
  7 1.4271
 11 1.6203
 37 1.0969
 40 1.0969
 27 1.5897
 42 1.5897
 43 1.2218
 27 1.5897
 46 1.9575
 48 1.8048
  7 2.2104
 19 2.5096
 26 1.0969
 37 1.0969
 42 1.0969
 43 1.8636
 43 2.2104
  4 1.0000
 12 1.0000
 18 1.3010
 21 1.0000
 24 1.0000
 19 1.9575
 28 1.2218
 36 1.2218
  2 2.2396
 43 1.3979
  4 0.8539
 11 1.1109
 16 0.8539
 19 1.1109
 26 0.8539
 37 0.8539
 43 1.1109
 29 3.6462
 27 2.2104
  7 1.3979
 40 1.3979
 26 1.0969
 27 1.4271
 37 1.0969
 43 1.4271
 42 2.4857
 43 2.5793
 29 1.5897
 30 1.2218
 47 1.5897
  7 2.8865
 27 2.7219
 34 2.2396
 50 1.8188
 43 2.2104
  2 1.8048
  9 1.2218
 43 1.9575
 27 1.3979
 41 1.8188
 43 3.2333
  2 1.3979
  9 1.3979
 27 2.0239
 29 1.6203
 34 1.0969
 50 1.9505
 11 1.5897
 19 2.2544
 47 2.0759
  5 1.3979
 34 1.3979
  5 2.5096
  5 2.2104
  5 2.2104
 29 2.5096
 12 1.3979
 21 2.3751
 30 2.2104
  2 1.5897
 26 1.2218
 28 1.2218
  5 2.2104
 27 3.1348
 34 2.7219
 37 1.3979
 43 1.3979
 37 1.3979
 43 1.8188
  3 1.4271
  9 1.0969
 19 1.8636
 37 1.0969
 40 2.5096
 19 1.2218
 22 1.2218
 37 1.5897
 22 1.3979
 37 2.0649
 42 1.8188
 43 1.3979
 37 1.6203
 42 1.0969
 43 1.6203
 50 1.4271
 37 2.7219
  7 1.3979
 43 1.3979
  7 2.1726
 25 1.2218
 40 1.8048
  9 1.8188
 34 1.3979
 19 2.3751
 28 1.8188
 43 2.7219
  2 0.8539
  7 1.1109
  9 0.8539
 19 0.8539
 21 0.8539
 31 0.8539
 43 1.1109
 27 2.2104
 29 2.2104
 34 1.8188
 43 2.5793
 14 1.3979
 27 1.3979
  2 1.0000
 11 1.3010
 21 1.0000
 37 1.3010
 43 1.4771
 34 1.2218
 42 1.2218
 50 1.5897
 10 1.2218
 19 1.2218
 43 1.8048
 19 2.4857
 28 1.3979
  2 1.0969
 23 1.0969
 31 1.0969
 43 1.9505
 10 1.1109
 19 1.1109
 26 0.8539
 27 0.8539
 36 0.8539
 42 1.2613
 44 1.2613
 22 1.3979
 43 1.3979
  5 1.3979
 12 1.3979
 11 1.2218
 37 1.5897
 38 1.5897
  7 2.2104
  9 1.3979
 47 1.8188
 22 2.5096
  9 1.3979
 43 1.3979
 30 1.7524
 37 1.3602
 38 1.4752
 39 1.1980
 43 0.9208
 46 1.6374
 43 2.2104
  5 2.2104
 26 2.2104
  7 2.5096
 27 2.2104
 27 2.7219
 34 2.9066
 50 2.5793
 27 2.3751
 46 1.3979
 28 1.3979
 43 1.3979
 27 1.3979
 46 1.3979
 38 2.4857
 49 1.3979
 27 3.0210
 11 1.2218
 29 2.7253
 37 1.8048
  9 2.6604
 43 1.3979
  9 1.3979
 50 1.8188
 19 2.5096
 22 2.6222
 27 2.9901
 43 1.8048
  2 1.0969
  7 1.0969
 19 1.4271
 28 1.0969
 20 1.8188
 37 1.3979
 27 2.5096
  5 2.2104
 27 2.7219
 27 2.2104
  7 1.3979
 46 1.3979
 11 1.3979
 37 1.3979
 27 1.8188
 43 1.3979
 29 1.3979
 37 1.8188
 34 2.5096
 23 1.3979
 31 1.3979
  5 3.1348
 43 3.6462
 19 2.2104
  2 3.5020
 38 1.8188
 43 2.2104
  2 1.0969
  7 1.4271
 42 1.0969
 43 1.9505
  5 2.2104
  2 2.2104
  9 2.0649
 29 1.8188
 27 1.3979
 43 1.3979
 47 2.5096
 43 2.2104
  9 1.8188
 43 1.3979
 27 3.3202
 29 2.7219
 26 1.3979
 42 1.3979
  8 1.0969
 19 1.4271
 43 1.4271
 44 1.0969
 33 2.3751
 43 3.4423
  2 1.0969
 22 1.4271
 27 1.4271
 43 1.0969
 28 1.3979
 36 1.3979
 34 1.2218
 37 1.8048
 43 2.1726
 43 2.2104
 27 2.6604
 43 1.3979
 19 2.2104
  9 2.7219
 26 1.3979
 43 1.3979
  7 1.5897
 40 1.2218
 43 1.2218
  9 1.3979
 43 1.3979
 11 0.9689
 19 0.7447
 27 0.7447
 28 0.7447
 29 1.7294
 37 1.3242
 40 0.7447
 41 0.7447
 43 0.9689
 43 2.2104
 43 2.2104
 27 3.5915
  5 2.0324
  7 0.8539
 15 0.8539
 22 0.8539
 24 1.1109
 32 0.8539
 48 0.8539
  5 1.5897
  7 2.2544
 15 1.2218
 31 2.2104
 11 0.9208
 22 1.5644
 24 1.6990
 27 1.8416
 37 1.7995
 43 1.4752
  2 2.5829
 26 1.2218
 27 1.2218
 19 1.3979
 44 1.3979
 27 2.2104
  2 1.5897
 29 1.2218
 43 1.5897
  7 1.0969
 27 1.0969
 29 1.0969
 37 1.4271
 46 2.5096
 43 1.3979
 51 1.3979
  7 1.8188
 43 1.8188
 27 2.2104
  5 2.2104
  9 1.0969
 11 1.0969
 37 1.4271
 43 1.6203
 27 2.2396
 43 1.3979
  5 1.3979
 29 3.7224
 27 3.0812
 43 1.3979
  4 1.9505
 11 1.0969
 29 1.7573
 37 2.2807
  7 1.3010
 19 1.3010
 22 1.0000
 41 1.0000
 46 1.3010
  8 1.2218
 16 1.2218
 25 1.2218
  7 1.3979
 37 1.3979
  9 0.8539
 10 0.8539
 16 0.8539
 26 0.8539
 29 0.8539
 42 0.8539
 43 1.4507
 34 1.3979
 50 1.8188
  8 1.8048
 16 1.2218
 25 1.2218
 26 2.7219
  7 1.3010
 30 1.0000
 38 1.9031
 40 1.0000
 46 1.0000
  7 1.4271
 19 1.0969
 28 1.0969
 43 1.9505
 19 1.2218
 41 1.2218
 43 1.2218
 27 2.2396
 43 2.0649
  2 1.8451
 27 1.3010
 30 1.0000
 43 1.6990
 47 1.0000
  5 1.3979
 43 1.3979
 27 1.3979
 43 2.3751
 27 1.8188
 43 1.3979
 31 1.3979
 41 1.8188
 27 2.2104
 40 1.3979
 47 1.3979
 43 2.2104
 26 2.2104
  7 1.2218
 29 1.2218
 44 1.5897
 10 1.3979
 19 1.3979
  2 1.5897
 27 1.2218
 43 2.0759
 11 2.2104
 29 2.5096
 43 2.2104
 43 3.4683
 15 1.0969
 30 1.8636
 38 2.0239
 46 1.7573
 27 1.3979
 43 2.0649
 43 3.8715
 22 1.2218
 28 1.5897
 36 1.2218
 27 2.5096
 27 1.2218
 40 1.2218
 43 1.5897
 43 1.3979
 50 1.3979
 18 1.3010
 19 1.0000
 22 1.0000
 42 1.0000
 43 1.6990
 11 1.4271
 29 1.0969
 37 1.0969
 40 1.0969
  7 2.2104
 25 1.8188
 51 2.2396
 27 1.3979
 34 1.3979
 34 2.2104
  7 1.3979
 43 1.3979
  2 1.8188
 37 1.3979
 29 2.5096
 19 1.4271
 29 1.4271
 40 1.7573
 42 1.0969
 43 2.5096
  5 1.8188
 25 1.8188
  4 1.0969
  7 2.2392
 15 1.0969
 29 1.0969
 30 1.3979
 43 2.9552
  7 1.4271
 24 1.0969
 26 1.0969
 27 1.0969
  9 1.2218
 16 1.2218
 18 1.2218
  7 1.4271
  9 1.0969
 37 1.0969
 43 1.4271
 31 2.2104
 19 1.3979
 36 1.3979
 43 1.3979
 50 1.3979
  7 2.2104
 15 1.2218
 19 1.2218
 40 2.0759
  5 2.5963
  6 0.9208
 22 1.3602
 39 0.9208
 43 1.5644
 49 0.9208
  5 2.2104
 19 1.3979
 43 1.3979
  2 0.7310
  5 0.4949
 10 0.4949
 19 0.9130
 22 0.7928
 26 0.4949
 27 0.9671
 29 1.0289
 34 0.4949
 37 0.8407
 38 0.4949
 43 1.4445
 44 0.4949
 47 1.0620
 48 0.4949
 51 0.7310
 19 2.5096
 22 2.2104
 40 2.8865
  2 1.0000
  8 1.0000
 19 1.6021
 28 1.0000
 44 1.3010
 34 2.2104
 43 2.2104
  2 0.7959
  7 1.1756
  9 0.7959
 27 0.7959
 37 0.7959
 40 0.7959
 43 1.7949
 47 0.7959
  7 1.7573
 26 1.0969
 37 1.0969
 40 1.0969
 18 1.3979
 27 1.3979
  7 1.3979
 40 1.3979
 28 1.3979
 43 2.0649
 43 2.7219
 43 2.2104
  2 2.2104
 27 2.5096
 50 2.5096
  7 1.3979
 43 1.3979
  2 2.0649
 43 1.3979
 43 2.5096
 27 2.7219
 43 3.2333
  7 1.7573
  9 1.0969
 42 1.0969
 43 1.4271
  5 2.2104
 27 2.2104
 28 1.8188
 36 2.0649
 50 2.7219
  2 1.0000
 19 1.0000
 27 1.0000
 41 1.0000
 43 1.0000
  4 1.6203
 12 1.6203
 21 1.7573
 43 2.0239
  2 1.7573
  7 1.4271
 27 1.7573
 43 2.2392
 22 2.2104
 51 2.8865
 27 2.8865
 26 2.2104
  7 2.2104
  7 2.5096
  2 1.8188
 44 1.3979
  7 1.2218
 42 1.2218
 43 1.2218
 19 1.8188
 43 1.8188
  2 1.3979
 43 1.3979
 27 1.8188
 37 1.3979
  7 1.3979
 47 1.3979
 19 2.3751
 29 2.7319
 11 1.2218
 26 1.2218
 37 1.2218
  2 0.9208
  7 1.6990
 11 0.9208
 16 0.9208
 19 1.1980
 43 0.9208
 17 1.3979
 42 2.0649
 20 1.8188
 29 1.3979
 27 3.0210
 43 2.5096
 12 1.2218
 49 1.5897
 51 1.2218
 50 2.2104
 30 1.3979
 43 1.3979
 19 1.2218
 33 1.2218
 43 1.5897
 22 1.2218
 28 1.2218
 43 1.8048
  9 1.3979
 47 2.0649
 19 2.4857
 36 1.3979
  2 1.3979
 28 1.3979
 19 1.3979
 29 2.0649
 27 2.5096
  2 2.2104
  2 1.2218
 19 1.2218
 43 1.5897
 22 1.8188
 33 1.3979
 11 2.1436
 29 1.9505
 37 1.6203
 47 1.0969
 11 2.4857
 29 2.0649
 27 2.5096
 43 2.7219
 43 2.5096
  7 2.2104
 40 2.7219
 27 3.4828
 43 1.3979
 19 1.0000
 29 1.0000
 37 1.0000
 43 1.0000
 50 1.0000
  2 1.8048
 27 2.9708
 43 1.2218
 34 3.3979
 10 1.3979
 27 1.3979
  2 1.2218
  3 1.2218
 27 2.5404
  8 1.0969
  9 1.0969
 19 1.4271
 43 1.0969
  2 2.5096
 19 2.5096
 43 2.5096
  2 1.8416
  7 1.1980
 27 0.9208
 38 0.9208
 44 0.9208
 47 0.9208
  2 1.5897
 41 1.2218
 43 1.2218
  7 1.5897
 34 1.5897
 50 1.2218
 11 0.8539
 21 0.8539
 22 0.8539
 29 1.4507
 34 1.4507
 43 1.1109
 50 1.5755
 19 1.8188
 27 1.3979
 27 1.3979
 43 2.0649
 28 1.3979
 43 2.4857
 43 2.2104
 19 1.3979
 44 1.8188
 27 2.5096
  5 1.3979
 22 1.3979
 28 1.3979
 38 1.3979
  7 1.2218
 43 1.2218
 47 1.2218
  7 2.5793
 43 1.3979
 29 2.2104
  5 1.4271
  8 1.4271
  9 1.0969
 15 1.0969
 26 1.8188
 42 2.2396
  2 1.3979
  8 0.9094
  9 1.2429
 16 0.6990
 19 1.3302
 22 0.9094
 25 0.6990
 29 0.6990
 43 1.6232
 44 0.6990
 19 1.8188
 27 1.8188
 26 2.7219
 26 1.5897
 27 1.2218
 43 1.2218
  7 1.3979
 47 1.8188
 12 1.0000
 19 1.0000
 29 1.4771
 38 1.0000
 43 1.4771
 42 1.3979
 43 1.3979
 47 2.2104
 43 2.8865
 26 1.2218
 28 1.2218
 43 1.5897
 24 2.2104
 29 2.0649
 47 1.3979
 43 2.7219
  9 1.4271
 27 1.4271
 42 1.0969
 43 2.1436
 19 1.8188
 28 1.3979
 29 1.8188
 43 1.3979
  2 0.6576
  7 0.8555
 27 0.6576
 28 0.6576
 36 0.6576
 37 0.6576
 40 0.6576
 43 0.6576
 44 0.6576
 47 0.8555
 49 0.6576
  2 1.1109
  8 0.8539
 14 0.8539
 19 1.1109
 22 0.8539
 25 0.8539
 43 0.8539
 43 2.7219
  2 1.2613
  7 1.4507
 26 0.8539
 27 0.8539
 30 0.8539
 42 0.8539
 43 1.1109
 19 2.0759
 28 2.0759
 47 1.2218
  2 0.8539
  7 1.1109
 10 0.8539
 15 0.8539
 27 0.8539
 37 0.8539
 43 1.1109
  2 1.2218
 19 1.5897
 43 1.8048
 34 1.8188
 50 1.3979
 37 2.2104
 11 1.2218
 29 1.9575
 40 1.5897
 29 2.7219
  2 0.9208
 11 0.9208
 21 0.9208
 37 0.9208
 42 0.9208
 43 1.3602
 34 2.2104
 47 2.8865
 27 2.5096
 42 2.5096
 40 2.2104
 19 2.4857
 28 1.3979
 27 2.7219
 27 2.2104
 43 2.3751
 50 1.3979
 38 1.8188
 43 1.8188
 18 1.0969
 19 1.0969
 26 1.0969
 27 2.3870
  7 0.9208
  9 0.9208
 19 1.8416
 26 0.9208
 27 0.9208
 28 0.9208
  2 1.2218
  9 1.8048
 43 1.5897
  5 2.2104
 28 1.3979
 36 1.3979
  2 0.5850
  7 0.5850
  9 0.8642
 12 0.5850
 17 0.5850
 19 1.1134
 21 0.5850
 22 0.7611
 27 0.9939
 28 0.8642
 36 0.8642
 43 0.8642
 50 0.8642
  2 1.6021
 27 1.0000
 40 1.0000
 43 1.4771
 44 1.0000
  9 2.5096
  9 1.2218
 37 1.2218
 43 1.8048
 30 2.2104
 29 2.7219
 43 2.2104
  5 2.2104
 27 3.3202
 21 2.5096
 43 3.0002
 44 1.3979
 43 2.2104
 50 2.5096
  8 2.0759
 28 1.2218
 44 1.8048
 22 1.3979
 26 1.3979
 29 1.2218
 37 1.2218
 43 1.2218
 30 2.0649
 38 1.8188
 35 2.2104
  5 2.2104
  2 1.0000
  7 1.0000
  9 1.0000
 40 1.0000
 43 1.0000
  7 1.3979
 29 1.3979
  7 1.0969
 27 1.7573
 37 1.7573
 43 1.9505
 43 2.2104
 19 1.3979
 43 1.3979
 19 1.3979
 44 1.8188
 19 1.3979
 43 1.3979
 19 1.8188
 43 1.8188
  7 1.1109
 22 0.8539
 26 0.8539
 27 1.3680
 34 0.8539
 43 1.7077
 50 0.8539
 41 2.4857
 42 1.3979
  2 2.5096
  7 1.7782
  9 0.9094
 11 1.4776
 25 0.6990
 29 0.9094
 34 1.1875
 39 0.6990
 43 1.4269
 47 1.4533
 50 1.1198
 34 2.2104
  2 1.0000
 11 1.0000
 19 1.0000
 37 1.0000
 38 1.0000
 16 1.4271
 19 1.4271
 33 1.9505
 43 1.4271
 17 1.0969
 37 1.4271
 43 1.0969
 50 1.0969
 19 1.0969
 30 1.0969
 38 1.0969
 41 1.8636
  2 1.0969
 27 1.0969
 37 1.0969
 43 1.4271
 15 1.8188
 29 2.0649
 19 0.9208
 22 1.5644
 28 0.9208
 37 1.3602
 43 1.4752
 47 1.1980
 26 1.3979
 43 2.0649
  7 1.2218
 19 2.4943
 28 1.2218
 27 2.2104
 27 2.5096
  8 1.2218
 16 1.2218
 25 1.2218
 44 2.2104
 19 1.8188
 43 1.3979
  2 1.2218
 27 2.0759
 43 1.2218
  4 0.9208
 11 0.9208
 16 0.9208
 33 1.5644
 43 1.9762
 44 0.9208
 27 2.2104
 19 1.2218
 28 1.2218
 43 2.4437
  2 1.7573
 27 1.0969
 28 1.4271
 43 1.9505
 28 1.3979
 43 1.3979
 34 1.3979
 50 2.2396
  2 1.3979
 43 1.3979
  7 2.2104
  7 2.2104
 21 1.3979
 37 1.3979
 34 1.8188
 50 1.3979
  9 1.2218
 19 1.2218
 33 1.2218
 43 2.2104
 43 2.8865
  2 1.2218
  7 1.2218
 27 1.5897
 19 1.3979
 43 1.3979
 19 1.6203
 28 1.0969
 37 1.0969
 47 1.0969
 28 1.3979
 36 1.3979
 19 1.3979
 27 1.3979
 25 1.3979
 43 1.3979
  2 1.4271
 19 1.6203
 28 1.0969
 43 1.4271
 11 1.3979
 19 1.3979
  4 1.2218
 11 1.5897
 37 2.2544
 19 0.8539
 28 0.8539
 33 0.8539
 41 0.8539
 43 2.6560
 44 0.8539
 47 0.8539
  7 3.5915
 19 2.2104
  5 2.2104
  7 1.2218
 38 1.2218
 43 1.2218
  2 2.2104
  9 2.7219
 34 1.4271
 37 1.0969
 38 1.0969
 50 1.0969
 19 2.8865
  2 0.8166
  7 0.5528
  8 0.5528
  9 0.5528
 16 0.5528
 19 0.5528
 22 0.7193
 27 0.8166
 28 0.5528
 31 0.8166
 33 0.8166
 40 0.7193
 43 1.1057
 44 0.5528
 19 2.5096
 43 2.2104
  7 1.2218
 26 1.2218
 27 1.2218
  2 0.9689
  9 0.7447
 10 0.7447
 11 0.7447
 34 0.7447
 37 0.7447
 43 1.1931
 47 0.7447
 50 0.7447
  9 1.0969
 27 1.0969
 41 1.0969
 43 1.0969
 11 1.3979
 29 2.0649
 11 1.3010
 27 1.0000
 29 1.6990
 37 1.3010
 43 1.3010
 42 1.3979
 43 1.3979
 43 2.5096
  2 0.9208
  7 1.1980
  9 1.3602
 27 1.5644
 40 0.9208
 43 0.9208
 34 2.0649
 50 1.8188
  9 1.2218
 19 1.2218
 27 1.8048
 10 1.0969
 29 1.4271
 37 1.0969
 49 1.0969
 11 1.0969
 29 1.9505
 37 1.0969
 40 1.0969
 36 1.3979
 41 2.6604
  5 1.3979
 22 1.3979
 27 2.7219
 43 3.5325
  2 2.2104
  2 1.0969
  8 1.0969
 19 1.6203
 43 1.0969
 17 1.2218
 42 1.2218
 43 1.2218
 34 2.0649
 50 1.3979
 37 2.2104
 28 1.3979
 43 1.3979
 27 2.2104
 11 1.2218
 29 1.5897
 37 1.2218
 29 1.2218
 42 1.2218
 43 1.2218
 19 1.3680
 22 1.1109
 26 1.1109
 28 1.1109
 33 0.8539
 34 0.8539
 43 1.1109
 40 2.5096
 43 4.1030
  2 0.9155
  8 0.6198
  9 0.6198
 10 1.1436
 19 1.1795
 25 0.6198
 27 1.7434
 28 0.6198
 34 0.6198
 36 0.6198
 43 1.2396
 44 0.8064
 11 2.2104
 11 1.5897
 37 1.5897
 43 1.9575
 43 2.5096
 50 2.2104
  6 1.2218
 14 1.2218
 23 1.2218
 34 2.5096
  2 1.2218
  7 1.2218
 43 2.4943
  7 1.3979
 40 1.3979
  7 1.6203
 11 1.0969
 34 1.6203
 50 1.0969
  7 1.2218
 33 1.9575
 43 2.1726
  7 1.0000
 11 1.0000
 27 1.3010
 37 1.0000
 47 1.0000
  7 1.3979
 27 1.3979
 11 1.0969
 27 1.6203
 40 1.0969
 43 1.0969
 12 2.5096
  5 2.2104
 27 1.8188
 43 1.3979
 28 2.2396
 36 2.0649
 36 1.3979
 43 1.3979
  7 1.0969
 12 1.0969
 27 1.0969
 44 1.0969
 43 2.2104
  9 2.0759
 40 1.2218
 47 1.8048
 26 2.2104
 27 2.2104
  7 1.5755
  9 0.8539
 19 1.5183
 21 0.8539
 27 1.2613
 34 0.8539
 43 1.4507
 29 2.2104
 44 2.2104
  2 1.2218
 19 1.2218
 27 1.2218
  7 1.3979
 19 1.3979
  7 1.8048
  9 1.8048
 43 1.5897
  2 3.1348
 19 1.3979
 43 1.3979
 27 2.2396
 34 1.8188
 27 2.5096
 27 2.5096
  2 0.8539
  7 0.8539
 11 1.6687
 27 0.8539
 29 0.8539
 37 1.3680
 46 1.1109
 29 2.2104
  9 1.2218
 19 1.2218
 43 1.2218
 34 1.5897
 43 2.0759
 50 1.2218
 43 2.2104
  9 1.3979
 42 1.3979
 43 2.0649
 46 1.3979
 43 1.3979
 51 1.3979
 43 2.7219
  7 1.9575
 27 2.1726
 43 1.2218
  9 2.2104
  7 1.1980
 19 0.9208
 22 0.9208
 27 0.9208
 30 0.9208
 38 0.9208
  7 2.4857
 40 2.2396
  2 2.2104
 22 2.2104
 30 2.0649
 38 1.3979
 27 2.2104
 27 2.8865
  7 2.5096
 27 2.5096
 30 1.2218
 43 1.2218
 44 1.2218
 30 2.2104
 34 1.3979
 43 1.8188
 43 2.5096
  9 1.2218
 19 1.5897
 44 1.2218
 19 2.2104
 26 2.2104
  2 1.0969
  7 1.0969
 27 1.4271
 43 1.4271
  9 2.2104
  7 2.2396
 40 1.8188
 22 1.2218
 26 1.2218
 43 1.2218
  2 1.8188
 16 1.3979
 17 1.2218
 26 1.2218
 46 1.5897
  7 2.8865
  5 2.3188
 23 1.0969
 27 1.0969
 49 1.0969
  5 2.2104
 34 2.7219
 27 1.3979
 43 1.3979
 19 1.4271
 27 1.0969
 28 1.0969
 43 1.0969
 20 2.2104
 11 1.4271
 43 1.0969
 49 1.0969
 50 1.0969
  2 2.2104
 37 2.8865
 19 1.3979
 27 1.8188
 34 1.8188
 50 1.3979
  7 1.6990
 11 1.0000
 16 1.0000
 27 1.3010
 29 1.7782
 27 2.5096
 43 2.2104
  5 1.1980
  7 1.5644
 22 0.9208
 27 1.9762
 41 2.0296
 43 0.9208
 16 1.3979
 28 1.3979
  7 1.2218
 27 1.5897
 43 1.2218
  5 1.0969
  8 1.0969
 40 1.0969
 43 1.0969
  7 1.2218
 27 1.2218
 40 1.2218
  7 0.9208
  9 1.4752
 22 1.1980
 33 1.4752
 34 0.9208
 43 1.6374
 27 4.2327
 29 1.8188
 43 1.3979
  2 1.3979
 19 1.3979
  7 1.3010
 19 1.6021
 27 1.4771
 28 1.0000
 43 1.0000
  3 1.2218
 28 1.2218
 49 1.2218
  6 2.2104
 26 1.2218
 42 1.2218
 43 2.6589
 37 1.3979
 43 1.8188
 30 2.2104
 21 2.2104
 30 1.5897
 38 1.5897
 46 2.9708
 43 1.3979
 47 1.3979
 34 2.2104
  2 1.2218
  9 1.2218
 43 2.3253
 27 1.3979
 43 1.3979
  2 1.0000
  9 1.0000
 24 1.0000
 29 1.4771
 37 1.3010
 27 2.7219
  2 0.9298
  7 0.8884
 10 0.5229
 11 0.8377
 12 0.8377
 21 0.7724
 26 0.6803
 27 0.8377
 37 0.9648
 38 0.7724
 39 0.6803
 40 1.0218
 42 1.0218
 43 1.0674
 47 1.2952
  2 2.0166
 10 0.8539
 19 0.8539
 22 0.8539
 26 0.8539
 27 1.1109
 44 0.8539
  5 1.3979
 37 1.3979
 50 2.2104
 43 3.0210
  9 1.2218
 27 1.2218
 43 1.8048
 43 2.2104
 22 1.3979
 29 1.3979
  4 1.3979
 43 1.8188
  7 4.2058
 40 1.8188
 19 2.5096
  4 1.0969
 11 1.0969
 29 1.7573
 37 1.0969
  2 1.4771
 16 1.0000
 29 1.7782
 43 1.6990
 44 1.0000
  7 1.8048
 37 1.2218
 40 1.9575
 22 1.3979
 27 1.8188
 19 2.2104
 43 4.4021
  2 1.3979
 41 1.3979
 12 1.2218
 19 1.2218
 43 2.0759
 34 2.7219
 22 1.6203
 26 1.4271
 40 1.0969
 47 1.0969
 43 1.8188
 50 1.3979
  7 1.3680
  9 0.8539
 11 0.8539
 19 0.8539
 27 1.2613
 41 0.8539
 43 0.8539
  2 1.0000
  7 1.0000
 40 1.0000
 42 1.3010
 47 1.0000
 27 2.5096
 37 1.3979
 43 1.3979
  9 2.5096
 27 3.3202
 50 2.5096
  2 1.8188
 24 1.3979
  2 1.2218
  7 1.2218
 18 1.5897
  9 1.0969
 19 1.0969
 27 1.0969
 29 1.0969
 34 2.0649
 43 1.3979
 37 2.2104
 43 2.2104
  2 1.1875
  7 1.3660
 11 0.6990
 16 1.0325
 21 0.6990
 27 1.4269
 37 1.2897
 40 0.6990
 42 0.6990
 47 0.6990
 40 2.5096
 34 1.3979
 50 2.2396
  2 1.3979
 27 3.1856
  2 1.2218
 42 1.2218
 43 1.5897
  7 1.8636
 29 1.7573
 37 1.4271
 40 1.0969
 29 1.8188
 43 1.3979
  5 1.8188
 15 2.2396
 22 2.2104
 34 2.2104
  5 2.2104
  7 1.4771
 22 1.0000
 26 1.0000
 42 1.0000
 43 1.3010
 43 2.7219
 11 1.0000
 16 1.0000
 22 1.0000
 41 1.9542
 43 1.4771
  8 1.0000
 10 1.3010
 19 1.8451
 27 1.0000
 50 1.0000
  7 2.2104
 50 2.8865
 27 2.7219
 42 1.8188
 43 1.3979
  2 2.2104
  2 1.9575
  9 1.5897
 27 1.5897
 19 1.5897
 27 1.2218
 28 1.2218
 27 2.2104
  2 1.3979
 27 1.3979
  2 0.8555
 10 0.6576
 11 0.6576
 19 0.6576
 22 0.8555
 26 1.1693
 27 0.6576
 29 1.1693
 37 0.9713
 38 0.8555
 42 0.6576
  2 2.4437
 27 1.9575
 42 1.2218
 19 2.2104
 43 2.2104
  2 1.3010
  7 1.4771
 11 1.0000
 27 1.0000
 43 1.0000
  5 3.0210
  7 1.0969
 11 1.0969
 37 1.4271
 43 1.0969
  2 1.1109
  9 0.8539
 21 0.8539
 40 1.1109
 42 0.8539
 43 0.8539
 51 0.8539
  9 3.2333
 26 1.8188
 42 1.3979
  8 1.0969
 40 1.0969
 43 1.6203
 47 1.0969
 27 1.2218
 29 1.5897
 37 1.2218
 11 1.0000
 19 1.0000
 29 1.0000
 43 1.6021
 50 1.3010
  7 1.3979
 40 2.0649
 27 2.7219
  5 4.2789
 11 2.2104
 29 2.7219
 11 0.9208
 22 0.9208
 27 0.9208
 29 1.6990
 39 1.1980
 47 1.4752
 46 2.2104
 19 2.6222
 28 1.5897
 43 1.2218
 29 1.3979
 43 2.4857
 43 2.2104
  2 0.8539
  4 0.8539
  9 0.8539
 12 0.8539
 21 1.2613
 42 0.8539
 43 1.1109
 43 2.5096
  7 1.0969
 21 1.4271
 41 1.0969
 43 1.6203
  5 2.2104
  5 2.2104
  2 0.9689
 11 0.7447
 27 1.2653
 28 0.7447
 29 0.7447
 37 0.7447
 38 0.9689
 43 0.9689
 47 0.7447
  5 2.5096
  7 1.8188
  9 1.3979
  2 1.2218
 27 1.2218
 47 1.2218
  9 1.3979
 43 1.3979
 16 1.3979
 43 1.3979
 43 2.5096
 27 1.2218
 38 1.2218
 42 1.2218
  6 1.3979
 50 2.0649
 19 2.2104
  7 2.5096
  7 2.2104
  7 1.1109
 10 0.8539
 19 1.5183
 28 0.8539
 29 1.1109
 43 1.4507
 44 0.8539
 27 2.5096
 19 2.4437
 28 1.2218
 36 1.2218
  7 1.0355
 16 0.7959
 19 0.7959
 22 1.1756
 27 1.0355
 40 0.7959
 43 1.0355
 47 0.7959
 19 2.5096
  2 1.3010
  9 1.3010
 30 1.0000
 43 1.0000
 47 1.0000
  2 1.4271
  9 1.4271
 19 1.4271
 26 1.4271
  8 1.3979
 43 1.3979
 11 1.3979
 37 1.3979
  6 1.8048
 15 1.2218
 47 1.5897
 29 2.8865
 43 2.8865
  9 1.8188
 43 1.3979
  9 2.2104
 25 1.5897
 34 1.2218
 46 2.4437
 26 1.3979
 27 1.3979
 11 1.2218
 19 1.8048
 43 1.5897
 19 1.3979
 40 1.3979
 29 1.3979
 50 1.3979
  2 0.7959
  7 1.2750
  9 0.7959
 10 0.7959
 19 1.0355
 28 1.0355
 37 0.7959
 43 1.1756
  8 1.2218
 42 1.2218
 43 1.8048
 27 1.3979
 42 1.3979
 27 2.2104
  2 0.9094
  7 0.6990
  9 0.6990
 19 1.1198
 27 1.1198
 28 0.9094
 43 0.6990
 44 0.9094
 46 0.6990
 50 0.6990
 22 1.3979
 43 1.3979
 34 2.5793
 50 1.8188
 42 2.2104
  2 2.5096
  7 1.4771
  9 1.4771
 16 1.0000
 27 1.3010
 42 1.0000
  7 2.2104
  7 2.7219
 10 1.0969
 19 2.1436
 28 1.4271
 44 1.0969
  7 0.8555
  8 0.8555
  9 0.6576
 18 0.6576
 21 0.6576
 22 0.6576
 28 0.6576
 40 0.8555
 42 0.6576
 43 0.9713
 50 0.6576
  9 2.2104
  2 1.2218
 12 1.2218
 27 1.2218
  9 1.3979
 43 1.3979
  3 1.8048
 19 1.2218
 29 1.2218
  9 1.3979
 19 1.3979
 26 2.2104
  9 1.3979
 43 1.3979
  2 0.7447
 11 0.7447
 19 1.2653
 27 0.7447
 28 0.9689
 29 0.9689
 43 0.7447
 46 0.7447
 49 0.9689
  7 1.3979
 43 1.3979
 43 2.5096
  7 2.8865
 27 3.2333
  2 1.8188
 43 1.8188
 43 2.2104
 19 1.5897
 28 1.2218
 43 1.2218
  2 1.4271
  9 1.0969
 27 1.4271
 43 1.4271
  2 1.6021
  9 1.4771
 16 1.0000
 18 1.0000
 38 1.0000
  6 0.7447
  8 0.7447
 14 0.7447
 16 0.7447
 21 0.7447
 22 0.7447
 23 0.7447
 25 0.7447
 43 1.1931
  7 2.3188
 29 1.0969
 41 1.8636
 43 1.0969
  2 1.0969
  7 1.4271
 29 1.4271
 37 1.0969
  2 1.2218
  9 1.5897
 16 1.2218
  7 1.2218
 19 1.2218
 43 1.5897
  2 0.9208
  7 1.1980
 19 1.1980
 33 0.9208
 40 1.1980
 43 1.1980
  2 1.2218
  8 1.5897
 43 1.2218
  2 0.7959
  9 0.7959
 17 0.7959
 37 1.0355
 38 0.7959
 40 0.7959
 42 0.7959
 43 1.4685
  2 1.3979
 43 1.3979
  4 2.5096
  5 1.3979
 27 2.4857
  7 1.3979
 40 1.3979
  9 2.8865
  7 2.2104
 16 1.3979
 43 1.3979
 22 2.2104
 27 1.3979
 43 1.3979
 40 1.2218
 43 1.9575
 47 1.2218
 43 2.2104
  7 2.5096
 43 2.2104
 34 1.3979
 43 1.3979
 43 2.2104
  2 1.3979
 43 1.3979
  2 1.3979
 43 1.3979
 11 1.0000
 21 1.0000
 26 1.0000
 27 1.9542
 37 1.0000
  7 1.5897
 19 1.5897
 43 1.2218
  3 1.8188
 13 1.3979
  9 2.2104
 27 2.5096
 19 1.8188
 44 1.3979
 29 2.8865
 34 1.3979
 50 2.5793
 27 2.2104
 34 1.8188
 50 1.3979
  5 1.5897
  7 1.5897
 39 1.8048
  7 1.3979
 27 1.3979
 43 3.2333
  2 1.0000
  5 1.0000
  7 1.0000
 27 1.0000
 43 1.3010
  2 0.9208
 11 0.9208
 27 0.9208
 40 1.1980
 43 0.9208
 50 0.9208
 43 1.5897
 47 1.2218
 50 1.2218
 43 2.8865
 43 2.2104
 16 2.2104
 19 1.3979
 28 1.8188
 22 1.2218
 42 1.5897
 43 1.2218
 40 2.2104
  7 1.8188
 37 1.3979
 39 1.3979
 43 1.3979
 21 1.3680
 22 0.8539
 27 0.8539
 29 1.4507
 40 1.1109
 43 1.2613
 47 0.8539
  7 1.8188
 27 1.3979
 38 1.3979
 46 2.3751
 43 2.7219
 43 2.5096
  9 1.3979
 43 1.8188
 27 2.2104
 43 2.5096
 11 1.8048
 29 2.1726
 40 1.2218
  2 1.8048
  7 1.2218
 27 1.5897
 33 2.0649
 43 1.8188
 38 1.3979
 40 1.3979
  2 1.3979
 46 1.3979
 24 1.2218
 38 1.9575
 46 1.5897
 26 2.0649
 43 1.8188
 43 2.5096
  2 2.7219
 43 3.0210
 19 2.5096
 42 1.5897
 43 1.2218
 49 1.2218
 43 2.2104
  5 0.8539
 12 0.8539
 19 0.8539
 22 0.8539
 27 0.8539
 29 0.8539
 41 0.8539
  5 2.2104
  7 1.1980
  9 0.9208
 19 0.9208
 27 1.7524
 43 2.0538
 44 0.9208
 27 1.3979
 43 1.3979
 23 2.2104
 43 2.2104
 27 2.2104
  7 2.2104
  4 1.3979
  7 1.3979
 11 1.0969
 37 1.4271
 42 1.0969
 43 1.4271
  2 0.8539
  8 1.1109
  9 0.8539
 11 0.8539
 17 0.8539
 21 0.8539
 27 1.5183
 16 1.0000
 19 1.6021
 25 1.0000
 28 1.0000
 43 1.6021
 19 1.2218
 43 1.2218
 47 1.2218
 29 1.2218
 40 1.2218
 42 1.9575
 29 1.2218
 40 1.2218
 43 1.2218
  7 2.7319
 40 1.3979
 43 2.7219
 50 2.2104
 19 1.3979
 43 1.8188
 43 1.3979
 46 1.3979
  9 1.3979
 29 1.8188
 19 1.3979
 43 1.8188
 26 1.3979
 38 1.3979
  2 1.3424
  7 0.6576
  8 0.8555
  9 0.6576
 16 0.6576
 19 0.8555
 25 0.6576
 27 1.0535
 36 0.6576
 41 0.8555
 43 0.6576
 43 3.4683
 29 2.7219
 43 2.7219
  2 1.8636
 19 1.0969
 37 1.0969
 42 1.0969
  4 1.0000
  9 1.3010
 34 1.3010
 43 1.0000
 50 1.4771
  5 2.2104
 43 2.2104
 43 2.8865
 43 1.3979
 46 1.8188
 34 1.3979
 50 2.0649
  7 2.2807
 27 1.0969
 40 1.0969
 43 1.0969
 19 1.3979
 22 1.3979
 27 3.0210
 27 2.2104
 34 1.3979
 43 1.3979
  2 1.3979
 44 1.3979
 29 1.8188
 37 2.0649
 43 2.5096
 22 1.2218
 27 1.2218
 43 1.8048
 19 2.2104
 19 1.3979
 43 1.3979
 18 2.2104
  5 1.9575
 14 1.2218
 27 1.5897
 11 2.2396
 29 1.8188
 19 2.2104
 19 1.3979
 22 1.3979
 22 1.2218
 24 1.2218
 37 1.2218
  9 1.1980
 19 0.9208
 27 0.9208
 30 0.9208
 38 0.9208
 50 0.9208
 29 2.2104
 34 1.2218
 40 1.2218
 50 1.2218
 47 2.2104
 50 2.2104
 47 3.0210
  2 1.8188
 43 2.2396
  2 1.0969
 21 1.0969
 26 1.0969
 28 1.0969
 19 1.3979
 42 1.3979
 19 1.5897
 36 1.2218
 43 2.4943
  2 1.0969
  7 1.4271
 11 1.0969
 29 1.0969
  2 1.3979
 16 1.3979
 19 2.7219
 26 1.3979
 40 1.8188
  7 2.2104
 16 1.2218
 37 1.2218
 42 1.2218
 43 2.7219
  2 2.2396
 19 1.8188
 26 1.3979
 42 1.3979
 27 1.0969
 29 1.4271
 37 1.4271
 40 1.0969
  5 2.2104
  7 1.4507
 19 1.2613
 22 1.7077
 27 1.5183
 39 0.8539
 43 1.4507
 44 0.8539
 27 3.0420
 46 1.3979
  4 1.0969
 11 1.4271
 29 1.0969
 37 1.0969
 43 2.2104
  2 2.5096
 37 2.5096
 18 1.3979
 43 1.3979
 27 2.5096
 27 2.2104
 10 1.0969
 19 1.8636
 27 1.0969
 43 1.0969
 43 2.5096
 16 1.5897
 40 1.2218
 43 1.5897
 22 1.3979
 40 1.3979
  7 2.2104
  2 0.7447
  9 0.7447
 11 0.9689
 19 0.7447
 27 0.7447
 29 0.9689
 42 0.7447
 43 0.7447
 47 0.7447
  2 1.0000
 34 1.3010
 37 1.0000
 42 1.0000
 50 1.3010
  7 1.8188
 27 1.3979
  8 1.3979
 43 2.0649
  5 1.3979
 22 1.8188
  7 1.2218
 21 1.2218
 27 1.2218
  7 3.2463
 40 1.8188
 19 2.0649
 36 1.3979
 19 1.2218
 27 1.5897
 43 1.2218
 26 2.5096
 43 2.2104
  7 1.3979
 43 1.3979
 11 1.2218
 43 1.2218
 46 1.2218
 27 2.8865
 43 2.5096
 27 1.9575
 43 1.2218
 48 1.9575
  2 0.7447
 11 0.7447
 22 0.9689
 26 0.9689
 29 1.6971
 37 1.1931
 41 0.7447
 42 0.7447
 43 1.1931
  6 1.8048
 19 1.2218
 43 1.5897
 29 2.2104
 43 2.5096
 50 2.2104
  2 0.9208
  9 0.9208
 11 0.9208
 28 0.9208
 34 0.9208
 43 0.9208
  7 1.0969
 29 1.7573
 37 1.0969
 43 1.4271
 43 3.3202
 43 2.5096
  5 1.3979
 43 1.3979
  7 1.2218
 27 1.5897
 37 1.2218
 11 1.3979
 43 1.8188
  2 1.0969
  7 1.0969
 27 1.0969
 28 1.0969
  9 2.4857
 37 1.8188
  7 1.3979
 40 1.3979
 43 2.2104
  7 1.3979
 11 1.3979
  9 1.2218
 16 1.2218
 50 1.2218
  5 2.5096
 22 2.1726
 43 2.0759
 49 1.2218
  2 1.3979
 43 1.3979
  4 1.0000
 27 1.6021
 29 2.0414
 43 1.7782
 50 1.6990
 31 2.5096
  9 1.2218
 39 1.2218
 43 1.2218
  7 1.2218
 39 1.2218
 47 1.2218
 43 2.5096
 19 1.3979
 27 1.8188
 19 1.8048
 28 1.2218
 43 2.2544
  5 1.2218
 25 2.1726
 43 1.5897
  2 1.2218
  9 1.2218
 43 1.5897
  2 2.2104
  4 1.0969
 29 2.4466
 37 1.4271
 47 1.0969
  6 0.8539
 14 0.8539
 22 1.3680
 23 0.8539
 30 0.8539
 38 0.8539
 46 0.8539
 29 2.2104
 43 2.2104
  2 0.8539
 15 1.1109
 19 0.8539
 28 1.1109
 36 1.3680
 40 1.1109
 43 1.5755
  8 1.2218
 42 1.5897
 43 1.5897
  7 2.2104
  9 1.5644
 19 1.1980
 26 0.9208
 27 1.7995
 43 1.3602
 51 0.9208
 11 0.9689
 19 1.2653
 22 0.7447
 27 0.7447
 28 0.7447
 29 0.9689
 38 0.7447
 43 1.3741
 51 0.9689
 19 1.3979
 36 1.3979
 22 2.2104
 19 2.0649
 44 2.0649
 26 1.3979
 43 1.8188
  7 1.3979
 43 1.3979
 10 1.3979
 27 2.7319
 34 2.2104
  2 1.0969
 27 1.0969
 29 1.9505
 50 1.0969
 19 1.8188
 44 1.8188
 29 2.2104
 22 2.5096
  2 1.9575
 37 1.2218
 43 1.5897
  7 1.2218
 16 1.8048
 19 1.2218
 27 2.2104
 17 1.0000
 30 1.3010
 31 1.0000
 40 1.4771
 43 1.4771
 27 2.2104
 43 2.5096
  2 1.2218
 11 1.2218
 19 1.2218
  2 1.2218
 27 1.2218
 42 1.2218
 11 1.3979
 43 1.8188
 11 1.2218
 30 1.2218
 38 1.2218
 19 2.2104
 26 1.3979
 43 1.3979
  2 1.2218
 10 1.2218
 43 1.9575
  2 1.0355
 19 0.7959
 24 1.1756
 27 1.0355
 28 0.7959
 34 0.7959
 38 1.0355
 42 0.7959
 19 2.8865
  5 2.2104
  7 1.0969
 19 1.4271
 29 1.0969
 34 1.0969
 22 2.2104
 15 2.7219
 43 2.8865
 22 1.8188
 27 1.3979
  2 1.2218
  7 1.2218
 26 1.5897
  6 2.2104
  2 2.0239
  9 1.0969
 26 1.4271
 43 1.0969
 43 3.6462
 19 1.1980
 21 0.9208
 29 0.9208
 37 0.9208
 42 0.9208
 47 0.9208
  7 2.3751
 43 1.3979
 19 1.3979
 43 4.6614
 25 1.2218
 34 2.5404
 50 1.2218
 43 2.2104
  2 2.2104
  2 1.2218
  8 1.2218
 49 1.2218
 11 3.0210
 15 1.2218
 26 1.2218
 43 1.2218
 27 1.8188
 43 1.3979
 47 3.2333
 18 1.2218
 27 1.2218
 43 1.8048
  2 3.0210
  7 1.0969
 15 1.4271
 43 1.0969
 50 1.4271
  7 3.6462
  2 1.3979
 43 2.7959
  2 1.2218
  7 1.5897
 27 2.6589
 22 2.5096
 26 1.2218
 27 1.2218
 43 1.5897
 34 1.8188
 50 1.3979
  9 1.8188
 43 1.3979
  5 3.1348
  2 2.0649
 27 1.3979
  7 1.0000
  9 1.0000
 37 1.0000
 43 1.4771
 50 1.4771
 19 1.5897
 28 1.2218
 36 1.5897
 43 3.0210
  2 2.5096
  2 1.3010
  7 1.0000
 37 1.0000
 42 1.0000
 47 1.7782
  7 3.1348
  8 1.0000
 19 1.0000
 22 1.0000
 27 1.7782
 43 1.4771
 19 2.0649
 28 1.3979
 27 1.2218
 43 1.8048
 46 1.5897
 50 2.5096
 27 2.5096
 19 2.2104
  7 1.3979
 40 1.3979
 43 1.3979
 47 1.3979
  2 2.2104
  7 1.3979
 50 1.3979
 19 1.0000
 22 1.0000
 41 2.2041
 44 1.0000
 51 1.6021
 19 2.5096
 43 2.2104
  5 1.3979
 42 1.3979
 43 2.2104
  9 2.5793
 43 1.3979
 27 2.2104
  5 2.0649
 22 1.3979
  8 1.5897
 16 1.2218
 38 1.2218
  7 1.5897
 38 1.2218
 47 1.2218
  2 1.3979
 27 1.3979
  2 0.7447
  7 1.4173
  9 0.7447
 10 0.9689
 27 0.9689
 37 1.2653
 43 1.5484
 44 0.9689
 47 0.7447
  2 1.3680
 10 0.8539
 16 0.8539
 19 0.8539
 25 0.8539
 38 0.8539
 43 1.4507
 27 3.8715
  6 2.2104
  2 2.2104
 18 1.3979
 37 1.3979
 42 1.3979
 43 1.3979
  7 2.0649
 22 2.2396
 19 1.3979
 28 1.3979
 32 2.5096
 43 2.7219
 43 2.2104
  2 1.3979
 47 1.3979
  2 2.7219
  2 1.2218
 27 1.2218
 43 1.2218
 29 2.2104
 19 2.2104
 19 1.3979
 42 1.8188
 27 2.7219
 40 2.7219
  7 1.3979
 27 1.3979
  2 1.7573
 19 1.0969
 33 1.0969
 37 1.0969
 19 1.3979
 43 1.3979
  9 1.2218
 27 1.2218
 37 1.2218
 26 1.3979
 43 1.8188
  2 0.7447
  7 1.1001
 11 0.7447
 19 0.7447
 30 0.7447
 37 0.7447
 38 0.7447
 43 0.9689
 47 0.9689
  4 1.1001
  9 0.9689
 11 0.9689
 12 1.1001
 19 0.7447
 21 1.1931
 29 0.7447
 37 1.1931
 38 0.7447
  9 1.2218
 19 1.5897
 42 1.2218
  7 1.0000
 22 1.3010
 34 1.0000
 40 1.0000
 43 1.3010
  8 1.4271
 27 2.0239
 43 1.4271
 49 1.0969
  7 1.3979
 42 1.3979
 19 1.2218
 26 1.2218
 43 1.5897
  7 1.0355
 10 0.7959
 15 1.0355
 22 0.7959
 29 1.0355
 30 0.7959
 43 1.2750
 50 0.7959
 29 2.8865
  9 2.2104
  2 1.2218
  7 1.8048
  9 1.5897
  4 1.2218
 19 1.5897
 43 1.2218
  8 1.3979
 25 1.3979
 19 1.2218
 29 1.2218
 43 1.2218
 10 1.0000
 26 1.3010
 27 1.0000
 41 1.0000
 42 2.1139
  2 1.3979
 27 1.3979
  2 0.8539
  4 0.8539
 17 0.8539
 27 0.8539
 37 1.2613
 39 1.2613
 47 1.4507
  9 1.3010
 11 1.0000
 21 1.0000
 27 1.6990
 43 1.0000
 27 1.2218
 28 1.2218
 29 1.2218
 28 1.2218
 42 1.2218
 43 1.2218
 27 1.3979
 43 2.3751
 29 1.3979
 37 1.3979
 43 3.1348
 47 2.2104
 11 1.2218
 22 1.2218
 40 1.8048
 27 2.2104
 43 2.5096
 27 1.3979
 37 1.3979
  2 1.3010
 10 1.0000
 21 1.3010
 27 1.0000
 43 1.0000
 11 1.3979
 48 1.3979
 27 2.2104
 43 2.2104
  5 1.8188
 22 1.3979
  9 1.0000
 24 1.0000
 29 1.3010
 38 1.0000
 43 1.0000
  7 2.6589
  9 1.2218
 46 1.2218
 15 2.0649
 22 1.8188
 16 1.3979
 27 2.3751
 29 2.7219
 43 2.2104
 28 1.8188
 43 1.3979
  7 1.2218
 27 2.1726
 43 1.2218
  2 1.8188
 40 1.3979
  7 2.5096
  5 2.2104
 16 1.3979
 43 1.3979
 22 1.3979
 27 1.3979
 43 2.2104
 19 1.2218
 22 1.5897
 42 1.2218
 43 2.7219
 43 2.5096
 43 2.2104
  4 0.7959
 11 0.7959
 12 0.7959
 18 0.7959
 21 0.7959
 28 1.0355
 29 1.2750
 49 0.7959
  5 2.2104
 19 1.3979
 27 1.3979
 31 2.7219
  2 1.0969
  7 1.0969
 43 1.6203
 46 1.4271
 29 1.3979
 43 1.3979
 43 2.2104
 27 1.3979
 30 1.3979
  2 1.0969
 19 1.4271
 43 1.4271
 44 1.0969
  5 0.9208
 19 0.9208
 27 0.9208
 29 1.1980
 30 0.9208
 51 0.9208
 19 1.3979
 43 1.3979
 34 1.3979
 43 2.2396
 43 2.5096
 43 2.2104
  7 2.2104
  2 1.8188
 43 1.3979
 19 1.9575
 43 1.2218
 44 1.2218
 29 1.3979
 37 1.8188
  2 0.7447
  7 1.1931
 11 0.7447
 19 0.7447
 27 0.9689
 37 0.9689
 38 0.7447
 43 1.1001
 47 1.1001
  2 1.3979
 27 2.7959
  7 3.3202
  8 1.3979
 19 1.3979
 43 2.2104
 43 2.2104
 43 1.3979
 50 2.0649
  7 1.2218
 19 1.8048
 43 1.2218
 43 2.2104
 16 1.3979
 43 3.6222
 34 2.2104
 43 2.2104
  8 1.3979
 43 1.8188
 43 2.2104
 28 1.3979
 36 1.3979
 11 2.2396
 46 1.3979
  2 0.9689
 19 1.1931
 23 0.7447
 27 0.7447
 28 0.7447
 30 0.7447
 39 0.9689
 41 0.9689
 43 1.1931
 29 2.0649
 43 1.3979
 40 2.5096
 43 2.2104
  9 1.3979
 34 1.3979
 46 2.2104
  2 0.6576
  8 0.9713
 10 0.6576
 19 0.9713
 22 0.6576
 28 0.9713
 34 0.6576
 43 0.9713
 44 0.6576
 50 0.6576
 51 0.6576
 37 1.3979
 43 1.8188
 20 1.8188
 37 1.3979
 43 2.0649
 51 1.3979
  7 1.3979
 40 1.3979
 19 1.3979
 43 1.3979
  2 0.7959
  9 1.0355
 10 0.7959
 19 0.7959
 21 1.1756
 43 1.8136
 46 0.7959
 47 0.7959
  7 1.8188
 42 1.3979
  5 2.5096
  7 2.7219
 43 2.7219
 29 1.2218
 37 1.2218
 43 1.2218
  2 1.0969
 27 1.0969
 41 1.0969
 48 1.0969
  2 0.7959
 15 1.0355
 22 0.7959
 27 1.2750
 32 1.1756
 40 1.4685
 43 0.7959
 49 1.0355
  5 1.3979
 43 1.8188
  2 1.3979
 26 1.3979
 19 1.2218
 37 1.2218
 43 1.8048
 11 1.4752
 27 0.9208
 29 0.9208
 37 1.1980
 38 0.9208
 43 1.1980
  2 1.0969
  5 2.0239
 22 1.0969
 28 1.0969
  7 1.2218
 24 1.2218
 40 1.2218
  7 1.3979
 27 1.3979
  7 2.2104
  7 1.0000
 11 1.3010
 26 1.3010
 27 1.0000
 50 1.0000
 11 2.5096
  7 1.8188
 37 1.8188
 19 2.5096
 47 2.5096
  8 1.2218
 22 2.5829
 27 2.8857
  7 2.8865
 19 2.0649
 36 1.3979
 27 2.2104
  7 2.2104
  2 1.3979
  9 1.3979
 38 1.3979
 47 1.3979
 29 2.5096
 43 2.2104
 43 2.2104
  7 1.3979
 19 1.3979
 43 3.1348
  3 2.2104
 37 2.8865
  7 0.8539
 11 0.8539
 26 1.1109
 27 0.8539
 29 0.8539
 40 1.3680
 43 1.1109
  2 2.2396
 38 1.3979
  7 2.0875
 16 1.0969
 34 1.0969
 43 1.0969
 21 1.3979
 34 1.3979
 19 1.3979
 43 1.3979
 19 3.3979
 27 1.3979
 28 1.3979
  2 1.2218
 40 1.2218
 47 1.2218
  7 2.2396
 37 1.3979
 26 1.3979
 47 1.3979
 19 2.3751
 36 1.3979
  2 2.5096
 29 3.2333
 17 2.2104
 27 3.0210
 43 2.7219
 44 2.2104
  2 2.6589
 19 1.2218
 27 1.8048
  9 1.2218
 19 1.2218
 43 1.8048
  7 1.0000
  9 1.4771
 25 1.0000
 42 1.0000
 43 2.0000
  2 1.2218
 10 1.2218
 27 1.2218
  7 2.0649
 37 1.8188
  2 1.3979
 43 1.3979
 26 2.2104
  9 1.3979
 29 1.3979
  2 1.3979
  7 1.3979
 27 3.2333
  9 2.5096
 44 2.2104
 43 2.2104
  2 1.0000
  7 1.4771
 10 1.0000
 43 1.0000
 50 1.3010
  7 1.3979
 17 1.3979
  7 1.2218
 34 1.2218
 43 1.2218
 11 1.3979
 37 1.3979
 21 1.2218
 42 1.2218
 43 1.5897
  9 1.3979
 43 1.3979
  7 1.2218
  9 1.2218
 43 1.2218
  9 1.0969
 22 1.0969
 43 1.0969
 51 1.0969
  7 1.6021
 21 1.0000
 27 1.0000
 37 1.0000
 43 1.3010
 11 0.9208
 22 0.9208
 27 1.3602
 29 0.9208
 38 0.9208
 43 0.9208
 11 1.2218
 29 2.1726
 43 1.2218
 26 3.2333
 22 1.5897
 33 1.2218
 43 1.2218
 28 1.8188
 43 1.8188
 29 1.0000
 37 1.0000
 39 1.0000
 48 1.3010
 51 1.0000
 43 3.9094
 43 2.2104
  2 1.4771
  5 1.4771
 11 1.0000
 29 1.0000
 43 1.8451
 19 2.2104
 34 2.2104
 22 2.5096
  9 1.2218
 19 1.2218
 43 1.5897
  7 2.1726
 29 2.1726
 43 1.2218
  2 1.1980
 25 1.1980
 33 0.9208
 38 0.9208
 43 1.1980
 46 1.1980
  2 2.2104
 27 2.2104
 29 2.2104
 43 2.2104
  7 1.3979
 43 2.0649
 19 1.5897
 28 1.5897
 43 1.5897
  2 1.2218
  7 1.9575
 26 1.2218
  2 1.0969
 19 1.0969
 27 1.0969
 28 1.0969
 22 2.2104
  5 1.2218
  7 2.5404
 50 1.9575
  9 1.3979
 27 1.3979
 40 2.2104
 43 3.0210
  2 1.0969
 29 1.4271
 37 1.0969
 43 1.0969
 27 2.5096
 22 2.2104
 19 1.1109
 27 0.8539
 28 0.8539
 36 0.8539
 37 0.8539
 41 0.8539
 43 0.8539
 22 2.2104
  2 2.2142
  9 0.7447
 16 1.1931
 17 0.9689
 22 0.7447
 26 0.7447
 27 0.7447
 43 0.7447
 50 0.7447
  9 1.3979
 49 1.3979
 11 2.9066
 29 3.2746
 19 1.8188
 43 2.0649
 28 1.9575
 43 1.8048
 51 1.2218
  7 1.3979
 43 2.7959
 29 2.2104
  7 2.8537
 40 2.2396
 50 2.7219
 34 2.5096
  2 1.4271
  7 1.0969
 19 1.0969
 43 1.4271
 10 1.2218
 29 1.8048
 37 1.2218
  2 1.0969
  7 1.4271
 38 1.0969
 46 1.4271
 19 2.2104
 19 1.5897
 27 1.8048
 43 1.5897
  7 2.2104
 27 2.8865
 34 1.2218
 43 1.2218
 51 1.2218
  9 1.5897
 28 1.5897
 44 1.5897
 43 2.2104
  7 1.4771
 29 1.4771
 30 1.0000
 37 1.6990
 43 1.4771
  7 2.2104
 19 1.8188
 27 1.3979
 37 1.3979
 40 1.3979
  2 0.7959
  7 1.1756
  9 0.7959
 19 0.7959
 28 0.7959
 36 1.0355
 44 0.7959
 46 0.7959
  2 1.1001
 16 0.7447
 18 0.7447
 19 0.7447
 22 0.7447
 27 0.9689
 30 0.7447
 37 0.7447
 43 0.7447
  5 2.5096
  9 1.5897
 38 1.2218
 43 1.2218
  2 2.9552
 27 1.3979
  9 1.2218
 19 1.2218
 42 1.2218
 40 2.7219
  2 2.5404
 27 1.2218
 37 1.2218
  2 1.1980
 10 0.9208
 19 1.1980
 22 1.3602
 28 1.1980
 44 0.9208
  2 2.2104
 34 2.2104
  5 2.5096
  7 1.3979
 43 1.3979
 19 2.2104
 22 2.2104
 34 1.3979
 50 1.8188
  7 1.5897
 29 2.2544
 36 1.2218
 19 1.8188
 28 1.3979
  9 1.0969
 26 1.0969
 34 1.4271
 50 1.0969
 26 1.3979
 43 1.3979
 27 1.3979
 43 1.3979
 43 2.5096
 19 1.3979
 22 2.0649
  2 1.0000
 19 1.0000
 27 1.0000
 34 1.0000
 40 1.0000
 21 0.9208
 22 0.9208
 27 0.9208
 29 1.1980
 37 1.1980
 42 1.1980
 37 1.3979
 47 2.3751
  9 1.3979
 17 1.3979
 50 2.2104
 19 1.3979
 28 1.3979
  5 2.5096
  7 1.3979
 38 1.3979
  2 2.5096
 19 2.2104
 19 0.9208
 24 0.9208
 27 0.9208
 28 0.9208
 43 1.3602
 44 0.9208
  7 1.1980
 38 0.9208
 39 0.9208
 42 0.9208
 43 1.1980
 47 0.9208
 30 1.3979
 43 1.3979
 43 3.1348
  2 0.8539
  7 1.5755
 27 0.8539
 29 0.8539
 37 1.1109
 46 1.1109
 47 0.8539
  7 1.0000
 19 1.0000
 27 1.6990
 37 1.0000
 43 1.0000
  2 1.8188
 43 1.3979
  9 2.2104
 37 1.3979
 43 1.8188
 43 2.5096
  7 2.2104
 47 2.7219
 28 1.3979
 43 1.3979
  2 1.3979
 29 1.3979
 19 1.8188
 43 1.3979
  7 0.7447
 11 0.7447
 16 0.7447
 27 0.7447
 29 1.4173
 37 0.9689
 38 0.7447
 40 0.9689
 47 0.7447
 19 1.3979
 43 1.3979
 27 2.2104
 27 2.2104
 19 2.0649
 28 1.3979
 22 1.8188
 43 1.3979
 27 2.3253
 43 1.2218
 46 1.2218
 43 2.2104
  9 1.3979
 43 1.8188
  2 0.9208
  7 1.1980
  8 0.9208
  9 0.9208
 19 0.9208
 27 0.9208
 37 2.2104
 43 2.2396
 44 1.3979
 43 2.2104
 19 2.4857
 28 1.3979
  7 0.9208
 25 0.9208
 31 0.9208
 40 0.9208
 43 1.5644
 50 1.1980
 43 2.7219
  7 1.1433
 18 0.5850
 27 0.9939
 28 0.5850
 29 0.5850
 34 0.5850
 37 0.5850
 40 0.9939
 41 0.5850
 43 0.9939
 46 0.5850
 47 0.5850
 50 0.5850
 22 1.3979
 40 1.3979
 11 2.5096
 29 3.8316
 19 1.3979
 43 1.8188
 43 1.2218
 50 1.8048
 51 1.2218
 11 0.9208
 22 1.1980
 27 1.1980
 29 1.6990
 37 0.9208
 48 0.9208
 30 2.2396
 38 1.8188
 39 1.8188
 47 1.3979
  2 1.1980
  7 0.9208
 27 1.7524
 34 1.4752
 37 0.9208
 50 1.1980
  5 1.3979
 43 2.0649
  9 2.2104
  7 1.4271
 27 1.0969
 37 1.4271
 43 1.0969
  4 1.5897
 30 1.5897
 47 1.2218
  2 1.2218
  7 1.5897
 40 1.2218
  6 1.3979
 14 1.8188
 20 2.2104
 26 3.4683
 29 2.2104
 37 2.5096
 22 1.3979
 29 1.3979
  5 3.3202
  2 1.0969
 17 1.0969
 37 1.0969
 43 1.4271
  7 1.2218
 27 1.2218
 30 1.2218
  9 1.3979
 29 1.3979
 18 1.3979
 43 1.8188
  9 1.2218
 19 1.5897
 43 1.5897
 11 1.0000
 19 1.0000
 27 1.0000
 30 1.0000
 37 1.3010
 25 2.5096
  7 2.2104
 24 1.3979
 43 1.8188
 29 2.7219
  2 2.2544
 27 2.4437
 43 2.2544
  2 1.0969
  7 1.0969
 41 1.7573
 46 1.0969
  9 1.8188
 16 1.8188
  5 1.8048
 19 1.2218
 43 1.2218
  9 2.2104
 43 2.2104
 43 2.2104
  2 2.3751
 33 2.7959
  7 2.8865
  4 1.0000
 10 1.0000
 12 1.0000
 21 1.0000
 43 1.0000
  2 1.3979
 33 1.3979
  7 0.9208
 22 0.9208
 25 0.9208
 27 1.5644
 34 0.9208
 41 0.9208
  7 1.3979
 47 1.3979
  7 1.0969
 10 1.0969
 11 1.0969
 29 1.6203
  7 1.3979
 40 1.3979
  2 1.7782
  8 1.0000
 19 1.0000
 27 2.0414
 43 2.2041
 22 1.3979
 34 1.3979
 26 2.5096
 27 2.2104
 27 2.5096
  7 1.2218
 40 1.2218
 43 2.1726
 11 1.3979
 29 2.4857
 34 2.0649
 50 1.3979
  5 1.8188
  9 1.3979
  2 1.8188
 19 1.3979
  4 1.5183
 11 2.2218
 12 1.4507
 20 1.1109
 21 1.4507
 29 2.4240
 37 2.4186
 19 1.3979
 29 1.8188
 27 1.8188
 43 1.3979
  9 1.3979
 41 1.3979
 43 2.5096
 27 2.5096
 27 2.2104
 27 1.5897
 39 1.2218
 47 1.2218
  7 1.0969
 15 1.0969
 24 1.0969
 32 1.0969
  7 1.4271
  9 1.0969
 27 1.0969
 43 1.0969
 22 2.2104
 43 2.8865
 47 3.0210
 27 2.2104
  2 0.6576
  8 1.3152
  9 0.6576
 10 0.8555
 16 0.8555
 19 0.9713
 27 0.8555
 36 0.6576
 43 0.6576
 44 0.9713
 47 0.6576
  9 1.5897
 34 2.0759
 50 2.6222
 26 1.3979
 29 2.7959
  7 1.4271
 37 1.0969
 40 1.0969
 43 1.4271
 18 3.3202
 19 1.3979
 43 1.3979
 27 3.5325
  7 2.2104
 41 2.2104
  2 0.8539
  4 0.8539
  9 0.8539
 12 0.8539
 16 1.1109
 21 0.8539
 43 1.6250
 43 1.8188
 50 3.0002
  2 1.3979
 43 1.3979
  7 1.3979
 47 1.3979
  9 1.3979
 43 1.3979
 11 1.2218
 37 1.2218
 51 1.2218
  2 1.2218
  7 1.2218
 27 1.5897
  2 2.3751
 43 1.3979
  2 1.3979
 27 1.3979
  7 1.3979
 43 2.0649
 33 1.2218
 40 1.2218
 43 1.8048
  2 0.8755
  4 0.3010
  7 0.5729
 15 0.3010
 17 0.3916
 18 0.5114
 19 0.3010
 21 0.3010
 22 0.6991
 26 0.3010
 27 0.5554
 28 0.3010
 29 0.3010
 30 0.3010
 31 0.3916
 37 0.4447
 38 0.4447
 39 0.3010
 40 0.4447
 43 0.4823
 44 0.3010
 47 0.3916
 48 0.3010
 50 0.3010
 51 0.3916
 19 1.3979
 36 1.3979
 28 2.2104
 27 2.2396
 37 1.3979
 26 1.3979
 29 1.3979
 27 2.2104
  2 0.9208
  7 0.9208
 16 0.9208
 21 0.9208
 29 1.5644
 37 0.9208
 47 2.2104
  7 1.9575
 21 1.5897
 43 1.2218
 28 1.3979
 36 1.3979
 43 3.3202
 43 2.2104
  7 1.8451
 19 1.0000
 27 1.6021
 40 1.3010
 43 1.6021
  2 1.3010
 21 1.0000
 27 1.0000
 43 1.7782
 47 1.3010
 22 2.2104
 43 1.8188
 50 1.8188
  7 1.9575
  9 1.2218
 40 1.2218
 43 2.7219
  7 2.2104
  8 0.9094
 10 1.3302
 19 1.5590
 27 0.9094
 28 1.1198
 34 0.6990
 36 1.0325
 43 0.9094
 44 1.3302
 48 0.6990
 43 2.7219
 43 2.8865
  2 1.3979
 43 1.3979
 43 2.2104
 43 2.2104
 10 1.4752
 19 2.2081
 27 0.9208
 28 1.8798
 36 1.3602
 44 1.9466
  7 2.2104
 37 1.3979
 38 1.3979
  2 1.2218
  7 1.8048
 44 1.5897
  7 1.1198
 17 0.6990
 19 0.6990
 22 0.9094
 27 1.6373
 29 1.1875
 34 0.9094
 37 1.0325
 43 1.2897
 49 0.6990
  2 1.3979
 22 1.3979
 34 2.2104
  5 1.3979
  7 2.3751
  2 2.0649
 19 1.3979
  2 1.5897
 27 1.8048
 43 1.2218
 18 2.2104
  2 1.5897
  5 1.2218
 19 1.2218
 41 2.9552
 46 2.9066
  7 1.0000
 15 1.3010
 24 1.0000
 27 1.3010
 32 1.0000
  7 2.5096
  2 0.7447
  9 0.7447
 10 0.7447
 16 0.9689
 19 1.1001
 27 0.9689
 29 0.9689
 40 1.1001
 43 0.7447
 16 1.0969
 19 1.4271
 43 1.9505
 46 1.0969
  2 2.2104
 43 2.2104
 43 2.2104
  7 2.7219
 27 2.5096
 46 2.2104
 43 1.3979
 44 1.3979
  9 2.7219
  9 0.9208
 11 0.9208
 19 0.9208
 27 1.1980
 29 1.1980
 47 1.1980
  7 1.0969
 16 1.0969
 27 1.6203
 43 1.4271
 19 1.3979
 26 1.3979
 42 2.5096
  2 1.3979
 36 1.3979
 27 1.2218
 37 1.2218
 43 2.0759
 29 2.2104
  8 1.3010
 33 1.3010
 37 1.0000
 43 2.1761
 47 1.0000
  2 1.3979
 42 1.3979
  7 1.2218
 22 1.8048
 43 1.2218
  8 1.2218
 16 1.2218
 25 1.5897
  2 1.7573
  9 1.0969
 27 1.4271
 43 1.0969
  5 1.2218
  7 1.2218
  9 1.2218
 10 1.3979
 11 2.3751
  7 1.4271
 10 1.0969
 43 1.0969
 47 1.0969
 19 3.0210
 21 1.8048
 43 1.2218
 51 1.2218
 22 2.2104
  2 1.3979
 19 1.8188
 27 1.8188
 37 1.3979
 43 2.7219
  5 1.3979
 43 1.3979
  2 2.0759
 27 1.2218
 43 1.9575
 26 2.2104
  2 0.8642
  7 0.7611
  8 0.5850
 15 0.5850
 19 0.8642
 22 0.5850
 27 0.9939
 29 0.7611
 38 0.5850
 43 1.0403
 46 0.5850
 47 0.9372
 50 0.8642
 27 1.2218
 43 1.8048
 44 1.2218
 43 3.3202
 43 2.2104
 11 1.3979
 22 1.8188
  9 1.2218
 19 1.2218
 44 1.2218
 27 1.3979
 43 1.8188
 27 2.2104
 37 1.3979
 38 2.2396
  7 1.0969
 10 1.0969
 27 1.6203
 43 1.0969
 38 1.5897
 46 1.8048
 47 1.2218
 39 2.2104
  7 2.5096
 27 1.3979
 43 1.3979
  2 1.3979
 42 1.3979
  2 1.3979
  7 1.3979
  3 1.0355
  4 0.7959
  5 1.0355
 11 0.7959
 22 0.7959
 27 1.7319
 29 2.0345
 37 1.4685
 21 0.9208
 27 0.9208
 33 1.4752
 41 1.9466
 43 1.6990
 48 1.1980
  2 1.8188
  9 1.3979
  7 1.0000
  9 1.3010
 42 1.0000
 43 1.0000
 44 1.0000
  2 1.2218
  7 1.2218
 27 1.2218
 19 1.2218
 26 1.2218
 43 1.2218
  7 2.3751
 40 1.8188
 27 2.2104
 43 2.5096
  9 1.5897
 19 1.8048
 43 1.2218
  7 1.3979
 43 1.3979
 22 1.3979
 43 1.8188
 44 2.2104
 22 1.3979
 43 1.3979
  4 0.8539
  5 0.8539
  7 0.8539
  9 0.8539
 22 1.1109
 40 1.8050
 43 1.1109
  7 1.3979
 27 1.8188
 11 2.3188
 20 1.0969
 29 2.2807
 37 1.0969
 19 1.0000
 25 1.3010
 27 2.7404
 28 1.0000
 43 1.0000
  7 1.4271
 11 1.0969
 43 1.4271
 50 1.0969
  2 1.2218
 19 1.2218
 27 1.9575
  5 2.2104
  7 1.2218
 27 1.2218
 43 1.2218
  7 1.8188
 29 2.4857
 29 2.2104
  9 0.9208
 17 1.1980
 26 1.3602
 34 0.9208
 42 0.9208
 50 0.9208
 22 2.2104
 47 2.5096
 26 2.5096
 43 2.2104
  2 2.2104
  5 2.2104
  9 1.3979
 11 1.3979
 43 3.0210
  2 1.2218
  7 1.2218
 43 1.2218
  9 1.0969
 11 1.0969
 33 1.0969
 43 1.4271
 34 2.2104
 29 1.3979
 43 1.3979
 43 2.2104
 43 2.2104
 22 1.3979
 43 1.8188
 19 1.8188
 27 1.3979
  7 2.7219
  2 1.1980
  7 1.1980
 27 1.5644
 29 0.9208
 34 0.9208
 43 1.1980
 11 1.8188
 37 2.7319
 30 1.3979
 47 1.3979
 19 1.6021
 22 1.0000
 27 1.0000
 29 1.3010
 38 1.0000
 38 1.3979
 50 1.3979
  2 1.3979
 27 1.3979
  9 1.0969
 19 1.0969
 38 1.0969
 43 1.6203
 27 2.2104
  2 1.2218
  9 1.2218
 43 1.9575
 31 1.3979
 43 2.0649
 19 2.7959
 43 2.4857
 26 1.3979
 42 1.3979
 19 1.3979
 27 1.3979
 34 2.3751
 50 1.3979
  9 1.8048
 29 1.2218
 43 1.2218
 29 2.2104
 50 2.5096
  2 1.3979
 43 2.2396
  7 2.0649
 43 1.3979
 27 1.3979
 50 2.2396
 34 1.3979
 50 1.3979
 43 2.5096
  2 1.5897
 37 1.8048
 43 1.2218
  7 2.2104
  7 0.9208
  9 1.1980
 26 0.9208
 27 1.1980
 33 0.9208
 43 1.1980
 19 2.2104
 27 2.8865
  7 1.3979
 43 1.3979
  8 1.3979
 22 2.0649
  7 1.3979
  9 1.3979
 27 1.3979
 43 2.0649
  7 1.0969
  9 1.0969
 43 1.7573
 51 1.0969
 27 2.2104
 30 1.3979
 43 1.3979
 27 2.2396
 43 1.8188
  2 1.8188
  7 1.8188
 22 1.2218
 37 1.5897
 43 2.5404
  5 3.0210
 43 2.2104
 43 3.0210
 43 2.8865
  2 1.3979
 27 1.3979
 43 2.2104
 50 2.2104
  2 1.3979
 37 1.3979
 43 2.2104
 46 2.2104
 19 1.5897
 28 1.5897
 36 1.2218
 50 3.0210
 19 2.3751
 28 1.3979
 29 1.3979
 38 1.3979
 19 1.2218
 27 1.2218
 43 1.2218
 34 2.2396
 50 1.3979
  2 0.9713
  3 0.6576
  7 0.9713
  9 0.6576
 11 0.8555
 19 1.2133
 29 0.8555
 37 0.6576
 41 0.6576
 43 0.8555
 50 0.6576
  7 1.3979
 40 1.3979
 10 1.2218
 16 1.2218
 27 1.2218
 21 1.8188
 50 1.3979
 29 2.2104
 19 3.0210
 34 1.3979
 50 1.3979
  5 2.7319
 27 1.3979
  2 1.0000
  9 1.0000
 19 1.0000
 26 1.0000
 27 1.0000
  7 1.8188
 29 1.3979
 19 2.2104
 27 1.3979
 43 1.3979
 10 2.8865
 27 2.2104
  2 1.5644
  7 1.1980
  8 0.9208
 27 1.7995
 43 0.9208
 50 0.9208
  2 0.7959
  7 1.2750
 19 1.0355
 22 1.4685
 40 1.1756
 42 0.7959
 44 0.7959
 48 0.7959
  4 2.2104
  5 1.8188
 22 1.3979
  9 1.3979
 27 1.3979
 27 4.4208
  7 1.7081
 11 1.4685
 22 0.7959
 29 1.6247
 37 1.6548
 40 0.7959
 42 0.7959
 47 1.1756
 26 1.3979
 40 1.3979
  2 1.0000
 11 1.0000
 40 1.0000
 43 1.0000
 50 1.3010
 27 1.3979
 43 1.3979
 30 1.0969
 38 1.6203
 43 1.0969
 46 1.7573
  7 3.9797
 43 2.2104
  2 3.3979
  7 1.3979
 37 1.3979
  9 2.5096
 43 2.2104
  2 1.0355
 17 0.7959
 19 0.7959
 22 0.7959
 27 1.5553
 39 0.7959
 43 1.7542
 47 1.1756
  7 1.3979
 19 1.3979
 43 3.0210
 16 2.5096
  2 2.2104
 43 2.2104
  2 0.8539
  7 1.1109
  9 1.1109
 19 1.5183
 28 0.8539
 43 1.6687
 44 0.8539
  2 1.3979
 47 1.3979
 30 1.2218
 38 1.5897
 50 1.2218
 43 2.5096
 26 1.3979
 29 1.8188
 51 3.2333
 34 2.2104
 50 2.5096
  7 1.2218
 27 1.8048
 43 1.2218
  7 1.3979
 43 2.3751
 43 2.5096
  7 1.0969
 19 1.0969
 40 1.0969
 44 1.0969
 19 2.2104
  5 2.2104
  5 2.2104
 40 2.7219
  5 2.2104
  7 1.3979
 50 1.3979
 42 1.3979
 43 1.3979
 19 1.3979
 28 1.8188
 27 1.7573
 29 1.7573
 37 1.0969
 40 1.0969
 43 2.5096
  7 2.0649
 40 1.3979
 27 2.3751
 44 1.3979
  7 1.2218
 27 1.2218
 43 1.5897
 27 2.7219
 43 2.2104
 18 1.3979
 50 1.3979
 29 2.2104
  7 1.4271
 15 1.0969
 29 1.0969
 40 1.0969
  2 1.2218
 38 1.2218
 46 1.8048
  7 1.5644
  9 0.9208
 22 1.5644
 28 0.9208
 37 0.9208
 43 0.9208
  9 1.3979
 44 1.3979
  9 1.3010
 19 1.0000
 27 1.3010
 29 1.0000
 30 1.0000
  9 0.9208
 10 1.4752
 19 1.4752
 27 1.1980
 43 1.1980
 44 0.9208
  9 1.5897
 34 2.0759
 50 2.0759
 11 1.3979
 43 1.3979
 11 1.3979
 19 1.3979
 19 1.3979
 46 1.3979
 22 1.7573
 27 1.7573
 33 1.0969
 43 1.9505
 43 2.5096
  2 1.2218
  7 1.2218
 43 1.2218
  2 0.8539
 19 1.2613
 28 1.5183
 36 1.2613
 43 1.1109
 44 0.8539
 49 1.1109
  2 1.1980
  7 1.1980
 11 0.9208
 26 0.9208
 27 0.9208
 43 0.9208
  5 2.2104
 21 1.3979
 43 1.3979
 27 1.3979
 43 2.0649
  4 0.8539
  9 0.8539
 29 1.1109
 33 1.1109
 37 1.2613
 39 1.3680
 47 1.3680
 22 1.3979
 27 2.0649
 27 1.2218
 29 1.5897
 40 1.2218
  2 0.6576
  4 0.6576
  9 0.8555
 11 0.8555
 19 0.8555
 26 0.6576
 27 0.6576
 40 0.9713
 43 1.4494
 46 0.8555
 47 1.1172
  2 1.3979
 19 1.8188
  2 1.1980
  7 1.3602
 16 0.9208
 22 0.9208
 29 1.4752
 43 1.3602
  2 0.9208
  7 1.1980
 21 1.1980
 43 0.9208
 46 0.9208
 50 0.9208
  9 0.8539
 10 1.5183
 22 0.8539
 25 0.8539
 27 0.8539
 28 0.8539
 43 0.8539
 17 1.0000
 26 1.4771
 29 1.0000
 40 1.0000
 43 1.4771
 34 3.2333
 43 2.2104
  2 1.0969
  5 1.7573
 27 1.4271
 44 1.0969
  5 3.7895
 27 1.3979
 43 1.8188
  2 1.3979
 27 1.8188
 19 1.9505
 28 1.4271
 36 1.0969
 44 1.6203
 50 2.7219
 19 1.3979
 22 1.3979
  2 1.5897
 42 1.2218
 43 1.8048
 27 2.2104
 43 2.7219
 43 3.5325
 19 1.4771
 41 1.0000
 43 1.7782
 44 1.0000
 51 1.0000
 10 1.2218
 43 2.0759
 51 1.2218
 19 2.0649
 28 1.3979
 28 2.2104
  2 1.4271
 38 1.0969
 44 1.0969
 47 1.0969
 43 1.2218
 46 1.2218
 47 1.2218
  9 1.3010
 11 1.0000
 28 1.0000
 29 1.0000
 47 1.0000
 22 2.2104
 47 2.2104
 43 2.2104
 19 1.8188
 36 1.3979
 43 2.5096
  2 0.8539
  3 0.8539
  7 0.8539
 19 0.8539
 27 0.8539
 41 0.8539
 43 1.3680
 19 1.4271
 28 1.6203
 36 1.0969
 43 1.0969
 19 1.3979
 43 1.3979
 50 2.2104
  2 1.0969
  9 1.0969
 29 1.4271
 43 1.0969
 11 1.3979
 43 1.3979
 25 1.3979
 43 1.3979
  6 1.0969
 14 1.0969
 23 1.0969
 31 1.4271
 22 2.2104
  7 2.3979
 11 1.0000
 29 1.6990
 37 1.0000
 40 1.4771
 19 2.6604
 28 1.3979
 27 2.5096
 43 4.1030
 19 2.7219
 43 2.2104
  2 1.3979
 27 1.8188
 22 1.3979
 38 1.3979
  5 1.1931
 11 0.7447
 26 0.7447
 27 1.3242
 29 0.9689
 34 0.7447
 37 1.1001
 42 0.9689
 50 0.9689
 19 1.3979
 40 1.8188
 38 2.8865
  4 1.0969
  9 1.0969
 29 1.4271
 40 1.4271
 10 1.3979
 43 2.2396
 26 2.2104
  5 2.7219
 28 2.2104
 43 2.5096
 27 2.2104
 27 1.6990
 30 1.0000
 38 1.0000
 40 1.4771
 47 1.0000
 21 1.8188
 43 1.3979
 11 1.3979
 47 2.2396
  9 1.0969
 19 1.0969
 26 1.0969
 43 1.0969
 25 1.3979
 27 2.0649
 40 2.5096
 43 3.0210
 19 1.8188
 28 1.3979
 42 2.8865
  7 1.0969
 29 2.0875
 37 1.0969
 43 1.7573
 19 2.2104
 27 3.3979
  9 1.0969
 19 1.4271
 29 1.4271
 43 1.4271
  7 1.1980
  9 0.9208
 27 0.9208
 30 0.9208
 40 0.9208
 43 0.9208
 34 2.2104
  7 2.7219
 37 1.3979
 43 2.2396
  2 1.3979
 44 1.3979
  7 2.5096
  7 2.5096
  2 1.2218
  7 1.2218
 27 1.2218
 10 1.0969
 38 1.4271
 42 1.0969
 43 1.0969
  2 1.3010
  7 1.0000
 29 1.0000
 43 1.9031
 50 1.0000
  2 0.9208
  7 0.9208
 29 1.7524
 38 0.9208
 41 0.9208
 43 1.4752
  9 1.8188
 37 1.3979
 22 1.3979
 43 1.8188
 39 1.3979
 47 1.3979
  2 1.3979
 34 2.2396
  9 0.9208
 17 0.9208
 26 1.1980
 34 1.1980
 42 1.3602
 50 1.3602
  2 1.8188
 26 1.3979
  7 1.0000
 10 1.0000
 19 1.0000
 22 1.4771
 28 1.3010
 11 1.2218
 34 1.8048
 50 2.4943
 25 1.3979
 43 1.3979
 27 3.4683
 12 0.8539
 19 0.8539
 22 1.6687
 27 1.8325
 39 0.8539
 43 1.5183
 49 0.8539
 40 1.8188
 50 1.3979
 43 2.0649
 51 1.8188
 43 2.2104
 43 2.2104
 19 2.8865
 37 2.2104
 31 2.2104
 43 2.2104
 43 2.7219
  7 2.0759
  9 1.2218
 50 1.2218
  7 1.2218
 27 1.8048
 43 1.5897
  4 1.0969
 12 1.0969
 16 1.0969
 21 1.0969
 27 2.2104
 11 1.3979
 29 1.3979
 11 1.0969
 37 1.0969
 43 1.0969
 46 1.0969
 27 2.2104
 34 2.5096
  5 2.2104
 43 2.2104
  9 1.2218
 26 1.2218
 42 1.2218
  9 1.2218
 26 1.2218
 43 1.5897
 31 2.7219
 27 1.3979
 43 1.3979
 40 2.2104
 43 3.0210
 26 2.2104
  9 1.9575
 34 1.2218
 50 1.2218
  2 1.2218
 19 1.5897
 27 1.2218
 10 1.3979
 16 1.3979
 11 1.0969
 20 1.0969
 29 1.0969
 37 1.0969
 34 1.8188
 50 2.4857
 29 2.2104
  2 0.9689
  7 1.1931
  9 0.7447
 11 0.9689
 15 0.9689
 19 0.7447
 37 0.7447
 43 1.1001
 47 0.7447
 19 1.8188
 43 1.3979
  2 1.3979
 44 1.3979
  2 0.8539
  7 0.8539
 18 1.1109
 19 0.8539
 27 0.8539
 43 1.1109
 44 1.1109
  2 1.2218
 27 2.0759
 43 1.2218
 11 1.3979
 29 1.8188
 50 2.7219
 22 1.2218
 27 1.2218
 43 1.2218
  2 1.1980
  7 0.9208
 11 0.9208
 27 1.6374
 37 0.9208
 47 0.9208
 36 1.3979
 43 2.0649
  2 1.5484
  5 1.3741
  7 0.7447
 10 0.7447
 19 0.7447
 27 1.8338
 36 0.7447
 43 1.3242
 47 0.7447
  4 1.0000
 12 1.0000
 37 1.0000
 43 1.0000
 47 1.6990
  7 2.2104
  7 2.5096
 27 2.7219
 17 1.4271
 22 1.4271
 26 1.0969
 43 1.0969
 27 2.1726
 29 1.2218
 43 2.3878
  9 1.0969
 16 1.4271
 19 1.0969
 43 1.4271
 43 2.5096
 11 1.0969
 16 1.0969
 19 1.0969
 43 1.0969
  5 1.2218
 10 1.2218
 19 1.2218
  5 2.3632
 13 0.7447
 14 0.7447
 17 0.9689
 22 1.8107
 23 0.7447
 31 0.7447
 43 0.7447
 49 0.7447
 27 2.5096
  9 1.0969
 27 1.0969
 37 1.0969
 43 1.4271
 10 1.0969
 19 1.0969
 43 1.4271
 46 1.0969
 14 1.2218
 27 1.5897
 31 1.2218
 34 1.3979
 50 1.3979
 38 1.3979
 47 1.3979
 18 1.3979
 42 1.3979
 43 3.3979
 34 2.5096
  8 1.3979
 26 2.2396
 43 1.8188
 49 1.3979
  2 1.3979
 43 1.3979
  7 1.2218
  9 1.5897
 43 1.5897
  9 2.5096
 43 2.2104
 19 2.2396
 28 1.3979
 43 3.1348
  2 2.5096
 10 1.3010
 19 1.6990
 28 1.6990
 36 1.4771
 44 2.1461
 19 1.2218
 43 1.2218
 47 1.2218
 10 1.0969
 19 1.6203
 22 1.0969
 51 1.0969
 40 1.3979
 50 1.3979
  7 1.3010
 11 1.3010
 20 1.3010
 29 1.3010
 37 1.9031
 43 3.6971
 43 2.2104
  9 2.5096
  9 1.2218
 19 1.5897
 42 1.2218
 10 1.3979
 43 2.2396
 33 2.2396
 43 2.3751
  9 2.5096
 40 2.2104
  2 1.0000
  7 1.0000
 40 1.0000
 43 1.3010
 47 1.3010
 18 1.5644
 28 0.9208
 30 0.9208
 31 0.9208
 47 0.9208
 49 0.9208
 21 1.3979
 47 1.8188
 27 1.3979
 44 1.3979
 30 1.3979
 37 1.3979
 34 2.2104
 29 2.5793
 42 1.3979
 16 3.2333
  2 1.8188
 43 1.8188
 19 1.3979
 43 1.3979
 27 2.2104
 43 2.2104
  7 1.3979
 43 1.3979
  7 1.0969
 11 1.9505
 29 2.0239
 37 1.0969
  2 1.3979
 21 1.8188
  2 0.8539
 19 0.8539
 20 1.1109
 33 0.8539
 36 0.8539
 43 0.8539
 44 0.8539
 43 4.6950
 43 2.5096
  2 1.3979
 22 1.8188
  7 1.3979
 11 1.3979
  7 0.8539
 11 0.8539
 27 1.1109
 34 0.8539
 37 0.8539
 42 0.8539
 43 1.1109
  7 2.2104
 10 1.3979
 19 2.2396
 19 2.8865
  7 1.3979
 19 1.3979
 27 1.3979
 28 1.3979
 27 2.0649
 43 1.3979
 27 2.5096
 27 2.8865
  2 1.3979
 50 1.3979
 27 3.0210
 43 2.2104
 19 1.3979
 29 2.0649
  9 1.3979
 16 1.8188
  2 1.5897
 19 1.2218
 27 1.2218
  9 1.3979
 19 1.8188
 22 2.5793
 31 1.3979
 27 2.2104
 34 1.3979
 50 1.3979
 38 1.3979
 46 1.3979
 19 1.3979
 28 2.3751
 43 2.2104
  7 2.7319
 15 1.3979
 43 2.7219
  2 1.0969
 19 1.0969
 27 1.7573
 47 1.0969
  9 1.3979
 51 1.3979
 29 2.2104
 36 1.0000
 38 1.0000
 43 1.7782
 44 1.3010
 46 1.0000
  2 0.9208
  9 0.9208
 22 1.6990
 27 2.5377
 43 1.8798
 44 0.9208
 16 1.3979
 19 1.3979
 34 1.8188
 50 1.3979
 43 3.2333
 29 2.5096
  5 2.8171
 22 2.8040
 43 1.0969
 48 1.0969
 19 1.3522
 21 0.7959
 34 1.0355
 37 0.7959
 43 0.7959
 44 0.7959
 46 1.5146
 50 1.0355
 22 1.8636
 27 1.4271
 42 1.0969
 43 1.4271
 40 2.2104
  7 2.2396
 40 1.3979
  2 1.2218
 27 1.2218
 42 1.2218
  5 2.2104
  7 1.2218
 29 1.2218
 43 1.2218
 10 1.0969
 26 1.0969
 27 1.4271
 30 1.0969
 11 2.0414
 24 1.0000
 29 1.3010
 40 1.0000
 43 1.4771
 19 2.0649
 36 1.3979
  2 1.2218
  7 1.2218
 19 1.2218
 19 1.3979
 43 1.3979
 27 2.2104
 26 1.3979
 27 1.3979
 16 1.3979
 43 1.3979
 19 1.2218
 43 1.2218
 44 1.2218
  9 1.4271
 19 1.4271
 28 1.4271
 43 1.0969
 28 2.2104
 29 2.2104
 10 2.5096
  5 2.2104
  7 2.9066
 11 1.3979
  7 1.3979
  9 2.0649
  7 2.0759
 19 1.2218
 43 1.8048
 21 1.2218
 43 1.2218
 47 1.2218
 37 2.7219
 19 1.5897
 43 1.9575
 51 1.2218
  2 1.3979
 27 1.3979
 27 2.5096
  7 1.2218
  9 1.2218
 42 1.2218
  9 1.0969
 17 1.0969
 22 1.7573
 31 1.0969
 36 1.2218
 43 1.2218
 44 1.2218
 36 1.3979
 43 2.4857
  9 2.8865
 41 1.3979
 43 2.2396
 28 1.2218
 40 1.2218
 43 1.2218
 43 1.3979
 47 2.0649
  7 2.0649
  9 1.3979
  2 1.0969
 27 1.0969
 37 1.0969
 43 1.6203
  9 1.8188
 43 1.3979
  2 1.0969
  7 1.4271
 27 1.0969
 47 1.0969
 19 1.3979
 27 1.3979
 31 1.0969
 39 1.0969
 41 1.0969
 51 1.0969
 25 1.2218
 27 1.2218
 42 1.2218
 42 1.3979
 43 1.8188
 19 1.3979
 27 1.3979
 43 2.2104
 43 2.2104
 27 1.2218
 37 1.2218
 43 1.2218
 34 2.2396
 50 2.9552
  2 1.2218
 41 1.2218
 43 1.2218
  7 1.8048
 42 1.2218
 43 1.2218
 43 2.2104
  2 1.5183
 10 0.8539
 19 1.2613
 28 1.1109
 36 0.8539
 43 1.3680
 44 0.8539
 19 1.5897
 22 1.2218
 43 1.2218
  9 1.8188
 19 1.3979
 11 1.0969
 20 1.0969
 29 1.0969
 37 1.0969
  5 0.9208
  7 2.1569
 15 1.3602
 24 1.1980
 40 2.2810
 48 1.1980
 11 0.7959
 21 0.7959
 22 0.7959
 29 1.2750
 37 0.7959
 43 1.2750
 47 0.7959
 51 0.7959
 29 1.0969
 37 1.0969
 38 1.0969
 43 1.9505
  7 1.3979
  9 1.3979
 43 2.2104
  5 0.9208
  7 0.9208
  9 0.9208
 15 0.9208
 43 1.1980
 46 1.4752
  7 3.1348
 19 2.2104
 19 2.0649
 43 1.3979
 43 2.7219
 34 3.2463
 50 3.2167
  9 0.9208
 11 2.2081
 29 1.3602
 34 0.9208
 43 1.5644
 50 1.1980
  7 1.3979
 37 1.3979
 33 1.2218
 40 1.2218
 43 1.5897
  7 0.9208
 21 0.9208
 30 1.9145
 37 0.9208
 38 1.1980
 43 0.9208
 19 1.7573
 27 1.4271
 28 1.0969
 36 1.0969
 19 1.2218
 28 1.2218
 36 1.2218
 21 1.3979
 43 1.3979
  7 1.8188
 19 2.0649
 34 3.0210
 43 2.2104
  7 1.0000
 39 1.0000
 40 1.0000
 43 2.2041
 50 1.3010
 37 2.2104
 40 1.3979
 47 1.8188
  5 1.1980
  7 1.5644
 37 0.9208
 40 1.5644
 43 0.9208
 47 1.1980
  2 1.0355
  9 0.7959
 18 0.7959
 19 1.4685
 27 1.0355
 42 0.7959
 43 1.8313
 44 1.1756
 21 1.3979
 38 1.3979
  2 1.0969
 19 1.4271
 27 1.6203
 43 1.0969
 29 1.8188
 40 1.3979
 11 1.2613
 19 0.8539
 29 1.7754
 37 1.2613
 40 0.8539
 43 1.6687
 47 0.8539
  2 1.3979
 43 1.3979
  7 1.3979
 43 1.3979
  4 1.0000
  7 1.6990
 11 1.3010
 29 1.3010
 37 1.3010
 27 2.5096
 11 2.4437
 29 1.5897
 43 1.9575
  7 1.3979
 27 1.3979
 37 2.2104
  2 1.0969
  9 1.7573
 15 1.0969
 43 1.0969
  9 2.2104
 16 0.9208
 19 1.1980
 31 0.9208
 33 1.6374
 41 1.9466
 43 1.5644
 19 1.8188
 44 1.3979
  2 1.3979
 19 2.0649
 37 2.5096
 44 2.5096
 27 2.2104
 43 2.5096
  7 1.2218
 29 1.2218
 37 1.2218
  8 1.2218
 25 1.5897
 43 1.2218
  7 1.4271
 22 1.0969
 27 1.4271
 43 1.0969
 22 2.2104
 43 3.1348
 11 1.3979
 37 1.3979
  3 1.2218
 27 1.2218
 43 1.2218
 15 1.3979
 27 1.3979
 19 1.3979
 37 1.8188
 27 3.6971
  7 1.3979
 47 2.4857
 27 1.3979
 43 1.8188
  9 1.2218
 34 1.2218
 50 1.2218
  2 1.0969
  7 1.0969
 27 1.4271
 41 1.4271
 29 2.2104
 19 1.1980
 27 2.2238
 30 0.9208
 37 0.9208
 38 1.1980
 50 0.9208
  2 1.0969
 16 1.0969
 27 2.1938
 43 1.0969
  9 1.0969
 27 1.4271
 43 2.3188
 50 1.4271
 18 1.3979
 27 1.3979
 27 2.5096
 11 2.2104
  9 1.0969
 21 1.0969
 43 2.0875
 44 1.0969
 19 1.4271
 38 1.0969
 43 1.4271
 44 1.6203
  7 1.8188
 19 1.3979
 19 1.3979
 27 1.8188
  9 1.3979
 43 1.3979
 27 2.8865
  7 2.2104
 29 3.9094
 11 0.9208
 26 0.9208
 29 1.3602
 33 0.9208
 37 1.1980
 39 0.9208
 43 4.6950
  7 1.3979
 43 1.3979
 19 1.0000
 21 1.0000
 27 1.0000
 28 1.0000
 43 1.0000
 19 1.2218
 27 1.2218
 43 1.9575
 27 3.1348
  5 2.2104
  4 1.3979
 12 1.3979
  3 2.2396
 29 1.3979
 37 2.2104
 51 2.2104
  7 1.3979
 43 1.3979
 10 1.3979
 27 2.0649
 27 2.2104
 19 1.0000
 26 1.3010
 36 1.0000
 40 1.0000
 43 1.0000
 43 2.8865
 29 1.8188
 31 1.3979
 22 1.0969
 42 1.0969
 43 1.0969
 50 1.0969
 43 2.5096
  2 2.0759
 43 1.2218
 44 1.5897
  2 2.2104
 21 1.3979
 37 1.3979
 50 2.5096
 13 1.0969
 17 1.0969
 22 3.0706
 43 1.0969
 43 1.3979
 50 1.3979
 10 1.3979
 43 1.3979
  7 1.6021
 21 1.0000
 26 1.0000
 40 1.0000
 50 1.0000
  7 1.2218
  9 1.2218
 44 1.2218
 34 2.0649
 50 2.7959
  7 1.3979
 43 1.3979
 19 1.8188
 43 1.3979
  9 1.3979
 43 1.8188
  9 0.8539
 11 0.8539
 17 0.8539
 20 0.8539
 29 0.8539
 37 0.8539
 43 2.6198
 19 1.8188
 30 1.3979
 10 1.2218
 27 1.2218
 43 1.9575
 10 1.2218
 37 1.2218
 40 1.2218
  5 1.8188
 41 1.3979
 11 1.0000
 27 1.6021
 36 1.0000
 37 1.0000
 43 1.3010
 26 2.2104
 43 2.2104
  2 1.8188
 27 1.3979
  7 1.8048
 43 1.8048
 44 1.5897
  7 0.9208
  9 0.9208
 10 1.1980
 19 1.1980
 28 1.3602
 43 1.4752
 34 1.8188
 50 1.8188
 27 2.5793
 43 1.8188
 22 1.3979
 43 1.3979
  9 1.3979
 43 1.3979
 19 1.3979
 43 1.3979
 43 1.3979
 50 1.3979
 43 2.5096
 19 1.3979
 27 1.3979
  5 2.5096
  7 1.2218
 27 1.2218
 37 1.2218
 18 1.2218
 19 1.2218
 51 1.2218
 28 1.8188
 36 1.3979
  7 1.3979
 40 2.0649
 22 1.9575
 27 1.2218
 31 1.2218
 19 2.8865
 29 1.3979
 42 1.3979
 22 2.2104
 19 1.7573
 28 1.4271
 40 1.4271
 43 1.7573
  7 0.9208
 19 0.9208
 26 0.9208
 34 0.9208
 43 0.9208
 47 1.4752
  2 1.3010
  9 1.0000
 19 1.4771
 27 1.0000
 28 1.0000
 43 2.2104
 11 1.3979
 15 1.3979
  7 1.2218
  9 1.2218
 43 1.2218
  7 1.3010
 37 1.6021
 38 1.0000
 42 1.0000
 43 1.3010
 19 1.2218
 27 1.2218
 49 1.2218
 43 3.1348
 27 2.2104
 43 2.2104
  2 0.6990
  7 0.6990
 11 0.6990
 16 0.9094
 26 0.6990
 29 1.0325
 34 0.6990
 37 0.9094
 40 0.9094
 43 1.0325
 22 1.9542
 27 1.0000
 30 1.3010
 41 1.0000
 43 1.4771
 19 1.3010
 26 1.6021
 27 1.0000
 29 1.0000
 37 1.0000
 46 2.5096
  2 1.3979
  7 1.3979
 26 2.2104
 16 2.7219
 10 1.3979
 27 1.3979
  5 1.3979
 27 1.3979
 19 1.8188
 36 1.3979
 33 2.5096
 44 2.5096
 42 2.2104
 19 1.8048
 28 1.8048
 44 1.5897
  8 1.2218
 19 1.2218
 28 1.5897
 27 2.8865
  2 1.0969
 19 1.0969
 42 1.0969
 43 1.0969
 19 1.3979
 43 1.3979
  7 1.9575
 27 1.2218
 40 1.5897
 50 2.2104
  7 1.0355
  9 1.0355
 10 0.7959
 22 0.7959
 27 0.7959
 31 0.7959
 34 0.7959
 43 1.1756
 43 2.2104
  2 1.3979
 27 1.8188
 16 2.7219
 43 1.3979
 49 1.3979
  9 0.8539
 16 0.8539
 19 1.2613
 28 0.8539
 41 1.6250
 44 1.1109
 51 0.8539
 25 1.3979
 43 1.8188
  2 1.3010
 16 1.0000
 19 1.4771
 43 2.3424
 47 1.0000
 34 2.2104
 19 1.3979
 29 2.0649
  7 0.9208
 15 0.9208
 22 0.9208
 24 0.9208
 32 0.9208
 47 0.9208
  2 1.1980
 16 0.9208
 19 0.9208
 27 0.9208
 40 0.9208
 47 0.9208
  5 0.8539
  7 1.1109
 15 1.1109
 24 1.1109
 32 0.8539
 40 1.1109
 48 1.1109
  9 0.9208
 27 1.1980
 34 0.9208
 43 0.9208
 47 0.9208
 50 0.9208
 19 1.3602
 28 0.9208
 34 1.1980
 37 0.9208
 43 1.3602
 50 1.5644
 38 1.3979
 47 1.8188
  2 1.8188
 27 3.1856
 27 1.3979
 43 2.0649
  4 1.2218
 43 1.5897
 47 1.2218
 27 2.2104
 43 2.2104
  7 2.8865
 27 2.2104
 29 2.2104
 37 2.2104
 43 2.2104
  2 1.3979
  9 1.8188
 22 2.2104
 25 1.3979
 43 1.3979
 43 1.8188
 44 1.3979
 30 1.0969
 38 1.4271
 40 1.4271
 46 1.7573
 43 2.5096
 19 1.3979
 44 1.8188
  2 1.8188
 19 1.3979
 37 2.2104
 18 1.3979
 19 1.8188
  2 1.6374
 16 0.9208
 21 1.4752
 38 1.1980
 40 0.9208
 43 1.6990
  7 1.0969
 27 1.0969
 43 2.2392
 44 1.7573
 47 2.7219
  2 2.5096
  5 2.3617
 13 1.6990
 17 1.0000
 22 2.6532
 43 1.0000
  2 1.0969
 19 1.4271
 43 1.0969
 44 1.0969
  7 2.5096
  2 1.5897
 22 1.2218
 27 1.5897
 29 1.2218
 36 1.2218
 43 1.2218
  7 2.2104
 47 2.2104
 11 1.0969
 29 1.7573
 40 1.4271
 43 1.7573
  4 1.0000
  7 1.0000
 37 1.0000
 40 1.0000
 43 1.3010
 28 1.8188
 36 1.3979
  2 1.3979
 27 1.8188
 26 1.3979
 43 1.3979
 19 2.2104
 34 2.2104
 43 2.5096
  7 1.3979
 43 1.8188
 22 1.3979
 43 1.3979
 34 2.2104
 34 1.8188
 50 1.8188
 19 1.3979
 43 1.3979
 43 2.2104
 50 2.5096
  2 2.0759
  7 2.0759
 19 1.2218
 19 1.3979
 43 1.3979
 19 1.2218
 27 1.8048
 43 1.2218
 10 0.9208
 18 1.1980
 19 0.9208
 28 1.1980
 36 0.9208
 44 0.9208
 34 1.3979
 50 1.3979
  9 1.2218
 12 1.2218
 34 1.2218
 27 2.5096
  7 1.5897
 37 1.5897
 47 1.2218
 27 3.0210
 19 1.3979
 43 1.8188
  7 1.1980
 11 1.5644
 19 0.9208
 26 0.9208
 33 0.9208
 37 1.1980
 27 2.5096
 19 1.2218
 28 1.2218
 43 1.5897
  2 1.3979
 22 1.3979
  2 1.2653
  4 0.7447
  8 0.7447
 25 0.7447
 27 1.2653
 28 0.7447
 29 1.1931
 36 0.7447
 47 1.2653
  2 1.3979
  9 1.3979
  2 1.3979
  7 1.3979
  7 1.4271
 19 1.0969
 28 1.0969
 40 1.0969
  7 1.1109
 11 1.2613
 17 0.8539
 27 1.4507
 29 0.8539
 30 0.8539
 37 1.1109
 40 2.2104
 43 2.2104
 43 3.3202
 48 2.2104
 27 2.2104
 37 1.3979
 43 1.3979
 43 2.7219
 19 1.2218
 22 1.8048
 40 1.2218
  7 1.7782
  9 1.3010
 11 1.0000
 37 1.0000
 40 1.3010
 19 1.2218
 22 1.2218
 29 1.8048
  4 1.0969
 11 1.7573
 22 1.0969
 37 1.4271
 11 1.0969
 27 1.7573
 29 1.0969
 40 1.0969
 19 3.0210
 19 1.2218
 34 1.2218
 44 1.2218
  2 1.6203
 33 1.7573
 43 2.0875
 44 1.0969
  9 1.2218
 19 1.5897
 43 1.2218
  2 2.2104
 43 2.7219
  2 2.2104
 19 1.3979
 21 1.3979
 22 1.3979
 26 1.3979
 43 2.8865
 43 1.3979
 50 1.3979
  5 2.2104
  5 1.2218
 15 1.9575
 44 1.5897
 19 3.0210
 41 2.5096
  9 1.3979
 19 1.8188
 37 1.2218
 43 1.2218
 47 1.2218
 43 2.5096
 49 2.2104
 50 2.2104
  7 1.0794
  8 0.5850
  9 0.5850
 16 0.5850
 19 0.7611
 22 0.8642
 28 0.5850
 30 0.7611
 34 0.7611
 37 0.5850
 43 0.9372
 46 0.7611
 50 0.5850
  7 1.0969
 19 1.0969
 22 1.6203
 43 1.0969
  9 1.3979
 46 1.8188
 19 1.0000
 33 1.0000
 37 1.0000
 41 1.0000
 43 1.0000
 43 3.0210
  4 1.2218
  9 1.2218
 43 1.2218
 26 1.1980
 27 1.1980
 40 0.9208
 43 1.3602
 44 0.9208
 47 0.9208
 19 1.1980
 27 1.1980
 28 0.9208
 34 0.9208
 43 1.1980
 46 0.9208
  7 1.0969
 19 1.6203
 27 1.0969
 44 1.0969
 27 3.6971
  7 2.7219
 19 2.3751
 27 1.3979
  9 0.6990
 16 0.6990
 26 0.9094
 28 1.0325
 29 0.6990
 37 0.6990
 42 0.9094
 43 1.1198
 47 0.6990
 50 0.6990
 41 2.0875
 43 1.4271
 50 1.6203
 51 1.0969
 19 2.0649
 44 1.3979
  2 1.4271
  8 1.0969
 16 1.0969
 27 1.0969
  2 1.3979
  7 1.3979
  4 1.0969
 29 1.0969
 43 1.4271
 51 1.0969
  7 1.8188
 43 2.2396
  7 2.6589
 32 1.8048
 40 2.8857
 22 2.2104
 22 1.3979
 42 1.3979
 22 1.3979
 50 1.8188
 28 1.3979
 36 1.3979
 28 1.3979
 44 1.3979
 21 2.2104
 26 2.0649
 27 1.3979
  7 2.5096
 34 2.8865
 43 1.3979
 44 1.3979
  3 1.4271
  9 1.8636
 10 1.4271
 37 1.8636
 43 2.5096
 43 2.2104
 27 2.5096
  2 1.3979
 43 1.8188
  9 2.5096
 43 2.2104
 26 1.2218
 28 1.2218
 43 4.2485
 19 1.2218
 29 1.2218
 47 1.2218
 11 0.9208
 20 0.9208
 22 0.9208
 27 0.9208
 29 0.9208
 37 0.9208
 19 1.0969
 24 1.0969
 38 1.4271
 46 2.2392
  6 0.8539
 14 0.8539
 23 0.8539
 28 0.8539
 31 1.2613
 43 1.1109
 44 0.8539
 10 1.0969
 11 1.0969
 29 1.6203
 43 1.0969
 11 2.3751
 29 3.3016
 43 2.7219
  2 1.3979
 27 1.3979
 19 2.5096
  5 1.2218
 42 2.7843
 43 1.5897
  7 2.2104
 11 1.2218
 19 2.0759
 28 1.8048
  9 1.8048
 27 1.2218
 43 1.2218
  2 1.5897
 27 1.8048
 43 1.2218
  7 1.3979
 34 1.3979
  2 1.0969
 19 1.0969
 27 1.7573
 43 1.0969
  7 1.0969
 27 2.2392
 37 1.0969
 43 1.0969
  2 0.4685
  7 0.6096
 15 0.4685
 16 0.4685
 18 0.4685
 19 0.4685
 29 0.4685
 33 0.4685
 34 0.4685
 36 0.4685
 40 0.4685
 41 0.7506
 42 0.4685
 43 0.7960
 44 0.4685
 46 0.6096
 50 0.4685
  7 1.8048
 29 1.2218
 37 1.5897
  5 2.2104
 27 1.2218
 30 1.2218
 38 2.2544
  2 2.0649
 43 2.3751
 27 1.2218
 33 1.2218
 43 1.8048
 31 2.2104
  9 1.2218
 37 1.2218
 43 1.2218
 30 2.2104
 43 3.8715
 50 2.2104
  7 1.0000
 11 1.0000
 18 1.0000
 19 1.0000
 28 1.0000
 43 3.3202
 41 3.1348
  2 1.0000
  4 1.3010
 12 1.3010
 21 1.3010
 26 1.0000
  7 2.0296
 29 0.9208
 30 0.9208
 38 0.9208
 40 0.9208
 47 0.9208
  8 1.0969
 25 1.0969
 36 1.0969
 41 1.6203
  2 0.8539
  3 1.1109
 11 1.1109
 22 0.8539
 27 1.6250
 29 0.8539
 37 0.8539
  9 1.2218
 11 1.2218
 19 1.2218
  7 2.3253
 22 1.2218
 40 1.2218
 11 0.7447
 19 0.7447
 22 0.7447
 27 0.9689
 28 0.7447
 37 0.9689
 38 0.7447
 40 0.7447
 47 0.9689
 19 1.0969
 29 1.6203
 37 1.9505
 40 1.0969
 19 2.2104
 19 2.5793
 36 1.3979
 22 1.8188
 37 1.3979
 26 1.3979
 43 1.3979
 43 1.3979
 50 1.3979
  2 2.2104
  9 1.0969
 19 1.4271
 36 1.0969
 43 1.4271
  5 2.2104
 19 1.3979
 43 1.3979
 27 3.1348
 43 2.2104
 43 3.2333
 40 2.5096
 43 2.2104
  7 2.2104
  2 2.5096
 46 1.3979
 47 1.3979
  7 1.8451
  9 1.0000
 27 2.4771
 40 1.0000
 50 1.4771
  7 2.7959
 28 1.3979
 27 1.3979
 29 1.3979
 43 2.5096
  9 1.5897
 18 1.2218
 27 1.5897
  7 1.6203
 29 1.4271
 37 1.4271
 43 1.0969
 43 2.2104
  2 1.0000
  7 1.0000
 11 1.0000
 26 1.0000
 29 1.3010
  2 1.5897
 27 1.2218
 43 1.2218
 27 2.0649
 46 1.3979
 10 1.3979
 28 1.8188
 19 1.3979
 47 1.3979
 19 1.3979
 43 1.3979
  3 1.1109
  7 1.5183
 11 1.1109
 29 1.1109
 37 1.1109
 38 0.8539
 46 0.8539
 29 2.5096
 28 1.3979
 43 1.3979
 19 1.3979
 46 1.3979
  7 1.3979
 47 1.8188
 34 1.8188
 50 1.3979
 43 3.1348
  7 2.0649
 43 1.3979
  9 1.3979
 19 1.3979
  2 1.0000
 24 1.0000
 37 1.0000
 43 1.4771
 49 1.0000
  7 3.2333
 34 2.2104
  7 1.5897
 11 1.2218
 37 1.2218
 30 1.7573
 34 1.0969
 38 1.4271
 49 1.0969
  7 1.3979
 43 1.3979
  5 1.3979
 22 1.3979
  2 1.0000
 19 1.3010
 41 1.3010
 42 1.0000
 43 1.3010
  4 1.3979
 43 1.8188
 43 2.5096
 43 2.2104
 44 2.2104
  7 1.3979
 43 1.3979
  7 2.2104
  5 1.1198
  7 1.1198
 19 1.0325
 21 0.6990
 25 0.9094
 29 1.0325
 37 0.6990
 43 1.1198
 46 0.9094
 50 0.9094
  2 1.1756
  7 1.1756
  9 0.7959
 19 0.7959
 27 0.7959
 36 0.7959
 42 1.1756
 43 1.3522
  2 1.8188
 43 2.2396
  5 2.0649
 43 1.3979
  5 2.2396
 27 2.0649
  5 2.5096
  5 1.5897
 43 1.2218
 44 1.5897
  2 0.7447
  7 1.1001
 19 1.4173
 26 0.7447
 28 0.7447
 30 0.7447
 36 0.7447
 39 0.7447
 43 1.3741
  5 1.3979
 25 1.3979
  5 2.2104
  7 1.0969
 11 1.0969
 29 2.1938
 43 1.6203
  8 0.8539
  9 0.8539
 15 0.8539
 30 1.1109
 34 0.8539
 43 1.3680
 50 1.1109
 19 2.2396
 28 1.8188
 22 2.2104
 25 1.3979
 43 1.3979
 27 1.9575
 28 1.5897
 43 1.8048
 34 2.5096
  7 1.2218
 34 1.2218
 50 1.8048
  7 1.3979
 16 1.3979
 19 0.9208
 26 0.9208
 27 0.9208
 28 0.9208
 37 0.9208
 43 0.9208
 19 2.2104
 19 1.0000
 27 2.0792
 29 1.3010
 43 1.3010
 49 1.0000
  2 3.0267
 16 1.2218
 43 1.2218
  7 1.0000
 19 1.3010
 30 1.0000
 38 1.0000
 46 2.1761
 27 2.2104
 38 1.3979
 46 1.8188
 38 2.5096
 10 1.3979
 47 1.8188
 34 2.8865
 43 2.2104
 43 1.8188
 47 1.3979
  2 1.9575
 30 1.2218
 46 1.2218
 18 1.3979
 43 1.3979
  5 1.5897
 27 1.2218
 43 1.2218
  5 1.3979
  6 1.3979
  5 2.2104
  5 2.2396
 27 1.3979
  5 2.0759
 27 1.9575
 43 1.2218
  5 1.9575
 27 1.2218
 43 1.2218
  5 1.8188
 27 2.4857
  2 1.3979
 43 1.8188
  5 1.3979
 43 1.3979
  5 1.8188
 43 1.3979
  5 1.3979
 43 1.8188
  2 0.5850
  5 0.5850
  7 0.9372
 10 0.5850
 19 0.9372
 22 0.5850
 27 0.5850
 28 0.5850
 29 0.8642
 37 1.1943
 38 0.7611
 40 0.9939
 41 0.8642
  5 1.2218
 14 1.8048
 43 1.2218
  8 1.2218
 19 1.2218
 34 1.2218
  5 2.5096
  7 1.3680
 26 1.8325
 39 0.8539
 40 0.8539
 42 1.1109
 47 0.8539
 50 0.8539
 19 1.0969
 30 1.0969
 40 1.0969
 47 1.0969
 19 2.2104
 19 1.2218
 42 1.2218
 43 1.5897
  7 1.3979
 27 1.3979
  7 2.2396
 33 1.3979
 22 1.3979
 43 2.0649
 27 1.4271
 30 1.0969
 38 1.4271
 43 1.0969
 27 1.2218
 42 1.2218
 43 1.5897
 19 1.3979
 27 1.3979
 21 2.5096
 36 2.5096
 41 1.3979
 44 1.3979
 43 2.2104
  2 2.7219
 43 2.2104
  2 1.3741
  7 1.1931
 10 0.7447
 21 0.7447
 27 1.2653
 33 0.9689
 37 0.7447
 40 0.9689
 43 1.2653
  7 2.5096
 22 1.8188
 43 1.3979
  5 2.8865
  5 2.7219
  5 2.5096
  5 3.0210
  2 1.2218
  5 1.2218
 43 1.2218
  3 1.4271
 34 1.0969
 48 1.0969
 50 1.6203
  5 1.3979
 27 1.3979
  5 2.7959
 27 1.3979
  5 3.2333
 37 2.2104
 40 2.5096
  2 1.0969
  9 1.0969
 27 1.0969
 43 1.4271
 43 3.3202
 43 2.2104
 47 2.2104
 47 2.7219
  9 1.0969
 19 1.4271
 26 1.0969
 43 1.6203
  7 1.0969
  9 1.0969
 40 1.7573
 43 1.4271
  7 1.4771
 29 1.0000
 37 1.0000
 43 1.0000
 47 1.0000
 26 1.3979
 29 1.3979
 43 2.5096
 43 2.2104
  5 1.2218
  9 1.2218
 43 1.5897
  5 2.2104
 19 1.8188
 43 1.3979
  9 1.1980
 11 0.9208
 26 0.9208
 40 0.9208
 43 0.9208
 49 0.9208
 10 1.3979
 19 1.3979
 19 1.2218
 28 1.2218
 44 1.9575
 27 2.7219
 43 3.5915
  5 1.7573
  7 1.4271
 43 1.0969
 50 1.0969
  5 1.8048
 27 1.2218
 50 1.2218
 50 2.2104
  5 1.3979
 27 1.3979
  5 2.0649
 25 1.3979
  5 2.8865
  5 2.5096
  5 3.3979
 15 2.5096
  5 2.2396
 43 1.3979
  2 2.0649
 43 1.3979
 22 2.2396
 26 1.3979
  7 1.3979
 27 1.3979
 34 2.2104
  7 1.8048
 11 1.5897
 29 1.2218
  7 1.6203
 11 1.0969
 37 1.0969
 47 1.0969
 34 2.2104
 34 1.8188
 50 1.8188
  9 1.3979
 19 1.3979
 34 2.2104
 43 2.2104
  2 1.0969
 19 1.4271
 28 1.0969
 43 1.0969
 26 1.3979
 40 1.3979
  5 3.1348
  5 2.0759
 27 1.2218
 43 1.2218
  5 2.2104
 11 0.9208
 27 1.1980
 30 1.3602
 37 0.9208
 38 1.6374
 46 1.7995
  2 1.5484
  7 2.0164
 15 1.1001
 24 0.9689
 37 0.7447
 38 0.7447
 40 1.6796
 43 0.9689
 47 0.9689
  5 2.7219
  5 1.1756
 10 1.0355
 26 1.1756
 34 1.5553
 42 0.7959
 43 0.7959
 44 1.4685
 50 1.4685
  5 2.0649
 27 1.3979
  2 1.0000
  7 1.4771
 27 1.0000
 43 1.6990
 47 2.0000
  5 1.0000
  7 1.0000
 19 1.3010
 28 1.0000
 34 1.0000
  5 2.5096
  5 1.8048
 44 1.5897
 50 1.5897
 19 2.3253
 28 1.2218
 43 2.0759
  7 1.0969
 19 1.0969
 29 1.0969
 47 1.4271
  2 1.8188
 43 1.3979
 19 1.3979
 34 1.3979
  7 2.5404
 27 1.5897
 40 1.5897
  9 0.8539
 11 0.8539
 19 0.8539
 38 0.8539
 43 1.1109
 49 1.1109
 50 0.8539
 26 1.3979
 43 1.3979
  4 1.1980
 26 1.1980
 27 0.9208
 34 1.3602
 37 0.9208
 42 0.9208
  7 2.8865
 27 3.2333
  7 1.8636
 22 1.0969
 27 1.6203
 43 1.7573
 27 1.8188
 43 1.3979
 27 2.2104
 27 1.5897
 29 1.5897
 41 1.2218
 27 2.2104
 34 1.8188
 43 1.3979
 11 1.2218
 19 1.2218
 43 1.5897
 19 1.7573
 27 1.0969
 37 1.0969
 43 1.9505
 11 1.8188
 29 2.7319
 37 1.8188
 43 1.3979
 40 1.3979
 47 1.3979
  5 1.7573
 19 1.0969
 22 1.0969
 43 1.4271
  5 1.3010
 26 1.0000
 34 1.6021
 42 1.0000
 43 1.0000
  2 1.3979
 43 1.3979
  2 0.9208
  7 0.9208
 27 1.3602
 37 0.9208
 43 1.6990
 44 1.1980
  5 2.8865
  5 2.7959
 43 1.3979
  5 2.2104
  5 1.8188
 34 1.3979
  5 2.5096
  5 2.2104
  5 1.2218
 19 1.5897
 43 2.4437
  5 1.3979
 34 1.3979
  7 2.2104
  7 0.8539
 19 1.3680
 28 0.8539
 34 0.8539
 36 0.8539
 43 1.5755
 50 1.1109
  4 1.0000
 11 1.3010
 43 1.0000
 50 1.0000
 51 1.0000
  8 1.2218
 27 1.2218
 43 1.5897
 11 1.3979
 37 1.3979
 19 2.3751
 28 1.3979
 19 1.3979
 43 1.3979
  7 2.2396
 27 1.3979
  9 1.3979
 43 1.3979
  2 2.2104
  2 2.2104
  4 0.7959
 10 1.5146
 11 1.2750
 22 0.7959
 28 1.0355
 29 1.4152
 37 1.5146
 43 0.7959
  7 1.0000
  9 1.3010
 30 1.4771
 38 1.3010
 43 1.0000
 19 1.3979
 34 1.3979
 15 2.5096
  2 1.3979
 18 1.3979
 22 1.3979
 43 2.7959
 27 1.8048
 38 1.2218
 46 1.2218
 27 1.7573
 29 1.0969
 43 1.0969
 46 2.3188
 29 2.5096
 41 1.2218
 42 1.2218
 43 1.2218
 43 3.0210
  5 2.0649
 43 1.3979
  5 2.2104
  5 2.7319
 27 1.3979
  5 3.0210
  5 2.5096
  5 2.2104
  5 1.5897
 27 2.5404
 50 1.2218
  5 3.0210
  5 1.7573
  9 1.0969
 17 1.0969
 43 1.0969
  2 0.9689
  9 0.7447
 10 0.7447
 19 0.9689
 26 0.9689
 27 0.7447
 37 0.7447
 42 0.7447
 43 1.1001
  7 2.5096
  7 2.2104
  9 1.0969
 11 1.0969
 19 1.0969
 27 1.0969
 43 3.1348
 27 1.8188
 38 1.3979
 43 1.3979
 50 1.3979
 43 2.2104
 43 2.2104
 22 1.3979
 43 1.3979
 27 2.2104
 19 1.3979
 28 1.3979
 34 1.8048
 49 1.5897
 50 1.5897
  7 1.5897
  8 1.2218
  9 1.8048
  4 1.5897
 22 1.2218
 43 1.9575
 17 1.3979
 43 1.3979
 34 1.3979
 50 1.3979
 40 2.2104
  2 1.2218
  7 1.2218
 19 1.2218
  7 1.5897
  9 1.2218
 43 1.2218
 29 1.3979
 37 1.8188
 43 2.2104
 43 2.5096
  4 1.4771
 12 1.4771
 21 1.6021
 29 1.3010
 50 1.3010
  5 3.0210
  5 2.5096
  5 1.3979
 43 1.8188
  5 1.8188
 25 1.3979
  2 1.1001
 18 0.7447
 22 0.9689
 29 1.1931
 34 0.9689
 37 0.7447
 43 1.2653
 50 0.7447
 51 0.7447
  5 2.5096
  5 1.8188
 43 1.3979
  5 2.5096
  5 1.5897
 43 1.2218
 51 1.2218
  5 1.3979
 43 1.3979
  5 2.2104
  5 1.3979
 43 2.0649
  2 0.9208
  8 0.9208
 25 1.5644
 30 1.4752
 38 1.7524
 46 1.3602
  7 2.2104
  9 1.2218
 19 2.0759
 37 1.2218
 11 1.3979
 43 1.3979
  2 1.3979
 27 1.3979
 19 1.5897
 37 1.5897
 43 1.9575
 24 1.3979
 40 1.3979
  7 1.2218
 27 1.2218
 40 1.2218
  3 0.4949
  4 0.7310
  6 0.4949
 12 0.7310
 17 0.4949
 18 0.4949
 21 0.4949
 22 0.4949
 27 1.0907
 28 0.4949
 31 0.4949
 39 0.4949
 42 0.4949
 43 0.4949
 47 0.4949
 48 0.4949
  9 1.0000
 16 1.0000
 19 1.0000
 37 1.0000
 43 1.0000
  7 0.7959
 22 1.0355
 26 0.7959
 27 0.7959
 34 0.7959
 39 0.7959
 43 1.2750
 47 1.1756
  2 2.2104
  9 1.3979
 43 1.3979
 19 1.3979
 43 2.6604
  9 1.3979
 50 1.8188
  7 1.2218
 14 1.2218
 43 1.2218
 26 2.2104
  2 1.8188
 29 1.3979
 11 1.2218
 29 1.8048
 37 1.2218
  2 0.9208
  7 1.7524
 16 1.1980
 27 0.9208
 29 2.1188
 43 0.9208
  2 1.0969
 16 1.0969
 38 1.0969
 43 1.4271
  5 2.5096
  5 2.2396
 44 1.3979
  2 0.8539
  9 1.1109
 10 0.8539
 17 0.8539
 19 1.2613
 42 0.8539
 43 0.8539
  8 1.0000
  9 1.0000
 26 1.0000
 34 1.3010
 50 1.0000
 11 2.2544
 29 2.0759
 37 3.0772
 15 1.3979
 40 1.3979
  5 1.8188
 43 1.3979
  5 1.8188
 34 2.3751
  5 1.8188
 34 3.1180
 27 2.2396
 29 1.3979
 27 2.5096
 28 2.2104
 29 2.5096
 30 1.3979
 47 1.3979
  3 1.3010
  9 1.0000
 30 1.0000
 40 1.3010
 43 1.9542
 34 1.3979
 50 1.3979
  9 1.0000
 11 1.0000
 22 1.0000
 28 1.0000
 43 1.6021
 15 1.8188
 43 1.3979
 19 1.8188
 36 1.3979
 30 1.4271
 38 1.0969
 43 1.0969
 46 1.0969
  7 1.0969
 34 1.0969
 43 1.4271
 50 1.0969
  2 0.9208
 10 0.9208
 19 0.9208
 27 1.6374
 41 1.1980
 43 0.9208
 11 2.5096
 40 3.8316
 40 1.3979
 43 1.3979
  2 1.3979
 22 1.3979
 28 1.3979
 36 1.3979
 42 2.2104
  7 1.2218
 27 1.8048
 43 2.2544
 19 1.7782
 28 1.0000
 38 1.0000
 43 1.4771
 47 1.6021
 42 1.3979
 43 1.8188
 43 2.5096
  2 1.8048
 19 1.2218
 43 2.4437
  5 1.2218
 27 1.2218
 50 1.2218
  5 3.0210
  5 2.7219
  5 2.7219
  5 2.2396
 34 1.8188
  4 1.0000
  7 1.6021
 40 1.6021
 42 1.0000
 43 1.3010
  4 0.6990
  5 0.6990
  7 1.1875
 11 0.6990
 25 0.6990
 27 1.2429
 29 1.2897
 37 0.6990
 46 1.0325
 51 0.6990
  5 3.4683
  2 1.3010
  7 1.0000
 27 1.3010
 46 1.0000
 50 1.3010
  5 2.9066
 43 1.3979
  5 3.0210
  7 2.3539
 11 1.6374
 15 0.9208
 29 1.3602
 37 1.3602
 40 1.7524
  7 1.8188
 46 1.3979
  7 1.2218
 40 1.5897
 43 1.2218
  9 1.2218
 40 1.2218
 42 1.2218
 17 1.0969
 26 1.0969
 43 1.0969
 50 1.6203
 19 1.2218
 36 1.2218
 43 1.5897
 28 2.2104
 43 2.2104
 43 3.1348
 43 3.3202
  7 1.4152
  9 1.0355
 10 0.7959
 16 0.7959
 19 1.4152
 27 0.7959
 37 0.7959
 43 1.1756
  5 2.5096
 26 1.0969
 29 1.0969
 40 1.0969
 43 1.4271
 26 1.3979
 43 1.8188
 26 2.2104
  5 2.2104
 11 1.0969
 27 1.4271
 29 1.6203
 47 2.0875
 43 2.2104
 43 2.2104
 43 2.2104
  2 1.0969
 14 1.0969
 18 1.0969
 28 1.0969
 22 2.2104
  7 3.7447
 19 1.8188
 43 1.8188
 22 1.3979
 26 1.8188
 34 1.3979
 43 1.3979
  2 0.3078
  4 0.2366
  7 0.3078
  9 0.2366
 10 0.2366
 11 0.2366
 12 0.2366
 15 0.2366
 17 0.2366
 20 0.2366
 21 0.2366
 22 0.5148
 24 0.2366
 27 0.2366
 29 0.2366
 30 0.3078
 33 0.2366
 36 0.2366
 37 0.2366
 38 0.3078
 39 0.2366
 40 0.3494
 41 0.3078
 42 0.2366
 44 0.3078
 46 0.2366
 48 0.3494
 49 0.3078
 50 0.2366
  7 1.3979
 19 1.3979
  2 0.9208
  7 1.3602
 27 1.3602
 29 0.9208
 37 1.1980
 43 0.9208
 43 2.5096
 43 2.7219
 43 3.0210
 43 2.2104
 22 0.9208
 27 1.6990
 29 1.4752
 35 0.9208
 37 1.1980
 47 0.9208
 26 2.2104
  9 1.2218
 18 1.2218
 26 1.2218
 27 2.2104
 27 1.3979
 41 2.4857
 43 2.2104
  9 1.3979
 11 2.3751
 43 3.4683
  9 0.9208
 19 1.4752
 22 0.9208
 27 0.9208
 28 0.9208
 51 0.9208
 43 2.2104
  7 2.2807
 19 1.0969
 25 1.9505
 43 1.8636
  9 1.2218
 19 1.2218
 43 1.2218
 28 2.2104
 43 2.5096
  2 1.2218
 22 1.5897
 43 1.2218
 43 2.7219
 43 2.2104
 27 2.2104
  5 1.3979
 11 1.3979
 27 1.3979
 42 1.8188
 47 2.2104
 19 1.3979
 44 1.3979
  2 1.0969
 19 1.0969
 27 3.0229
 43 1.0969
 15 2.2104
 22 2.2104
  7 2.2396
 50 1.3979
 42 1.8188
 47 1.3979
 26 2.5096
 43 2.5096
 50 2.2104
  2 1.0969
 25 1.4271
 43 1.0969
 46 1.0969
 27 2.2104
 30 1.2218
 38 1.8048
 43 1.5897
  2 1.2218
 26 1.2218
 43 1.2218
  9 2.2396
 43 1.3979
  2 1.2613
  7 0.8539
 11 0.8539
 21 0.8539
 33 0.8539
 37 0.8539
 43 1.1109
 34 2.2104
  7 1.0969
 28 1.0969
 37 1.0969
 44 1.0969
  7 2.1726
  9 1.2218
 16 1.5897
  7 1.8188
  9 1.3979
 22 2.2104
 37 1.3979
 43 1.3979
 29 1.8188
 45 1.3979
 19 1.0000
 30 1.0000
 33 1.0000
 38 2.0414
 43 1.6021
  2 1.0000
 10 1.0000
 16 1.0000
 41 1.4771
 43 1.3010
  9 1.3979
 43 1.3979
 26 2.2104
 40 2.5096
 43 2.2104
 27 2.2104
 43 3.5915
 19 1.2218
 27 2.8374
 43 1.2218
 22 2.0759
 27 2.8115
 29 1.2218
 19 1.3979
 44 1.3979
 43 3.3979
  7 1.3979
 37 1.8188
 16 1.3979
 27 1.8188
 43 2.2104
  7 1.4752
  8 0.9208
 16 0.9208
 25 1.1980
 43 0.9208
 44 0.9208
  7 1.3979
 27 1.3979
  9 1.2218
 29 1.5897
 40 1.2218
  9 0.9208
 19 1.1980
 26 1.1980
 27 0.9208
 28 1.3602
 43 1.3602
 29 2.2104
 43 1.3979
 50 1.8188
  7 1.3979
 24 1.3979
  2 0.6198
  3 0.6198
  9 0.6198
 18 0.6198
 19 0.8064
 27 0.6198
 28 0.6198
 29 1.1021
 41 0.6198
 43 1.2396
 48 0.6198
 49 0.6198
  2 2.5096
  7 2.7219
 21 1.2218
 43 1.2218
 50 1.5897
 11 1.3979
 27 2.0649
 19 2.2104
  2 1.0969
 19 1.0969
 27 2.6109
 44 1.4271
 34 2.2104
 49 3.2333
 11 1.3979
 29 1.3979
 44 2.2104
 27 2.6109
 37 1.0969
 40 1.0969
 43 1.0969
  5 0.9208
 14 0.9208
 16 0.9208
 43 1.9145
 46 0.9208
 49 1.4752
  7 1.3979
 27 1.8188
  5 2.2104
  5 1.3979
 32 1.3979
  4 1.0969
  5 1.7573
 12 1.0969
 21 1.0969
  5 4.9947
 27 1.3979
  2 1.8636
  7 1.4271
 18 1.4271
 29 1.0969
  2 0.9208
 18 0.9208
 27 0.9208
 28 0.9208
 44 0.9208
 47 0.9208
  2 0.7959
  7 1.0355
  9 1.1756
 11 0.7959
 28 0.7959
 37 0.7959
 43 1.5553
 50 0.7959
  3 1.2218
  5 1.2218
 43 1.2218
  3 1.2218
  5 1.2218
 43 1.5897
  3 0.7447
  5 0.7447
 19 0.7447
 28 0.9689
 36 0.7447
 42 1.1001
 43 1.1001
 44 0.7447
 50 1.1931
  3 1.3979
  5 2.0649
  5 1.3979
 43 1.3979
  2 2.7219
  9 1.0000
 27 1.0000
 34 1.3010
 50 1.0000
 51 1.0000
 19 1.0969
 22 1.4271
 38 1.0969
 43 1.4271
 19 1.2218
 30 1.2218
 51 1.2218
 19 2.5096
 19 1.3979
 43 2.0649
  2 1.0000
  7 1.0000
 27 1.0000
 43 1.0000
 46 1.0000
 26 1.0969
 27 1.6203
 38 1.0969
 43 1.4271
 29 2.2392
 40 1.0969
 43 1.0969
 47 1.4271
 34 1.3979
 40 2.0649
 22 1.3680
 27 0.8539
 29 0.8539
 37 1.1109
 40 1.1109
 43 1.7077
 47 1.2613
 43 2.2104
 43 4.6001
 10 1.2218
 27 1.2218
 36 1.5897
 27 2.2104
  2 0.5773
  5 1.0007
  7 0.7890
  9 0.4437
 11 0.6554
 16 0.4437
 19 0.4437
 25 0.4437
 27 0.5773
 28 0.5773
 29 0.4437
 32 0.4437
 34 0.5773
 40 0.6554
 43 0.9225
 47 0.5773
 49 0.4437
 50 0.4437
  3 0.6198
  5 1.8801
  9 0.6198
 25 0.6198
 27 0.8064
 28 0.6198
 29 0.6198
 34 0.6198
 36 0.6198
 40 0.6198
 43 0.9929
 47 0.6198
  5 1.3102
  9 0.6198
 19 0.9155
 23 0.6198
 27 0.9929
 29 0.6198
 34 0.6198
 36 0.8064
 40 0.9155
 43 1.2652
 47 0.6198
 50 0.6198
  2 0.6990
  5 1.4533
  9 0.6990
 11 0.6990
 19 0.9094
 27 1.0325
 29 0.6990
 36 0.6990
 43 1.2429
 47 0.6990
  2 1.2613
  5 1.7077
 19 0.8539
 27 1.3680
 29 0.8539
 43 1.1109
 44 0.8539
  5 1.3660
  7 1.0325
  9 0.9094
 19 0.6990
 27 1.0325
 29 1.1875
 34 0.6990
 40 1.2429
 43 1.3979
 51 0.6990
  4 0.6576
  5 1.8220
  7 0.6576
  9 0.6576
 19 0.6576
 27 1.0535
 28 0.9713
 29 0.6576
 36 0.6576
 40 0.8555
 43 1.2133
  3 0.6990
  5 1.4776
 19 0.9094
 27 1.1198
 28 0.6990
 36 1.0325
 40 0.6990
 43 1.0325
 47 0.6990
 50 0.6990
  5 1.6687
  7 0.8539
 16 0.8539
 27 1.7077
 43 1.6687
 44 0.8539
 46 0.8539
  2 2.0649
 46 1.3979
  3 0.9208
  5 1.7995
 27 1.3602
 28 0.9208
 34 0.9208
 43 1.3602
  5 2.2104
  7 3.1348
  7 1.8188
 19 2.2396
  9 1.0000
 19 1.3010
 36 1.0000
 40 1.0000
 43 1.6990
 10 2.0649
 27 2.0649
  7 1.6990
 15 1.4771
 24 1.0000
 40 1.9031
 48 1.3010
 18 2.2104
  2 0.7447
  4 0.7447
 11 0.9689
 19 0.7447
 21 1.1931
 29 1.1001
 33 0.7447
 43 0.9689
 47 0.9689
 17 1.3979
 43 1.3979
 19 1.3979
 41 1.3979
 21 1.5897
 27 2.7253
 43 1.5897
 27 2.2104
 22 2.2104
  2 0.9689
 19 1.3741
 26 0.9689
 27 0.7447
 28 1.1001
 34 0.7447
 36 1.1001
 43 1.1931
 44 0.7447
 11 1.0000
 27 1.0000
 29 1.6021
 37 1.0000
 38 1.0000
 11 1.8188
 29 1.3979
 27 2.2396
 43 1.3979
 28 1.8188
 44 2.0649
 19 1.3979
 44 1.8188
 28 1.3979
 44 1.3979
 29 2.0649
 47 1.8188
 19 1.3979
 22 1.3979
  3 0.7447
  5 1.3741
  7 1.1001
  9 0.9689
 27 0.7447
 28 1.1001
 40 0.7447
 43 2.0847
 44 0.7447
  5 2.1938
 27 1.0969
 43 2.1436
 50 1.0969
  2 1.3979
 37 1.3979
  2 1.4271
  5 2.8660
 27 1.4271
 43 1.6203
  5 2.0239
 27 1.4271
 40 1.4271
 43 1.4271
  2 0.6990
  5 1.5210
  7 0.6990
 27 0.6990
 28 0.6990
 36 0.6990
 43 1.2429
 46 0.6990
 47 0.6990
 50 0.6990
  5 1.7995
 26 0.9208
 27 1.4752
 43 1.4752
 44 0.9208
 50 0.9208
  5 1.8636
 27 1.4271
 43 3.3855
 47 1.4271
  2 1.1109
  5 1.2613
 26 0.8539
 27 0.8539
 28 0.8539
 36 0.8539
 43 0.8539
  5 1.6880
 11 0.6990
 15 0.6990
 19 1.0325
 24 0.6990
 27 0.6990
 28 0.9094
 36 1.1198
 41 0.6990
 43 1.1198
  5 1.6990
 16 0.9208
 19 0.9208
 28 0.9208
 36 0.9208
 43 1.3602
  2 0.7959
  9 1.0355
 19 0.7959
 27 0.7959
 33 0.7959
 38 0.7959
 43 0.7959
 47 0.7959
  5 1.5897
  7 1.2218
 49 1.5897
  7 1.2218
 19 1.2218
 29 1.5897
 10 1.3979
 27 1.3979
 17 2.7219
 17 2.7219
 26 1.8188
 43 1.3979
 29 1.3979
 37 1.3979
 29 2.5096
 34 1.8188
 50 1.3979
 34 1.3979
 43 1.8188
 37 1.2218
 40 1.5897
 47 1.5897
 43 5.5627
 43 3.4683
 43 2.2104
 49 2.2104
 50 2.7219
 19 2.2396
 44 1.8188
 43 2.2104
  2 0.8539
  7 0.8539
  8 1.1109
 11 0.8539
 26 0.8539
 27 0.8539
 37 1.1109
  5 1.1687
  6 0.5528
  7 0.8166
  9 0.5528
 19 0.8166
 22 0.5528
 23 0.5528
 26 0.5528
 36 0.5528
 38 0.5528
 40 0.7193
 43 1.1057
 47 0.8857
 50 0.7193
  2 0.8539
  3 1.1109
  5 1.2613
 27 0.8539
 43 0.8539
 44 0.8539
 50 0.8539
  5 1.7573
 27 1.0969
 39 1.0969
 50 1.0969
  2 1.2218
 29 1.5897
 43 1.2218
  2 1.2218
  5 2.3253
 50 1.2218
  5 2.0875
  7 1.0969
  9 1.0969
 27 1.0969
  5 3.1527
 40 1.8188
  5 1.9505
 33 1.0969
 43 1.0969
 47 1.6203
  5 1.8188
  7 1.3979
  5 3.0210
  5 3.1348
  7 1.2218
 10 1.2218
 43 1.2218
  7 1.2218
 19 1.2218
 43 1.2218
  9 1.0000
 11 1.3010
 26 1.0000
 29 1.0000
 43 1.0000
 19 2.0649
 28 1.3979
 19 1.2218
 28 1.2218
 40 1.2218
 22 2.2104
 27 2.5096
 27 1.3979
 43 2.0649
  7 1.0969
 15 1.0969
 19 2.0875
 43 1.0969
 38 1.2218
 46 2.1726
 47 1.2218
 43 2.8865
 34 1.3979
 50 1.8188
  2 1.0000
  7 1.4771
 17 1.0000
 27 1.0000
 43 1.3010
 37 1.8188
 43 2.4857
 22 1.3979
 27 2.0649
 43 2.2104
 19 1.3979
 43 1.3979
  7 1.3979
 29 1.3979
 34 1.3979
 50 1.8188
 43 3.3202
  7 4.7676
  2 1.2218
  9 1.2218
 38 1.2218
  3 0.7959
  5 1.4152
  7 0.7959
 11 1.1756
 27 1.1756
 40 1.1756
 43 1.3522
 49 0.7959
  2 0.7447
  7 1.5484
  8 0.7447
  9 0.7447
 16 1.1001
 25 0.7447
 37 0.7447
 39 0.9689
 43 0.7447
  5 2.1726
 27 1.2218
 34 1.2218
  5 3.6971
  2 1.0969
  5 1.9505
 25 1.0969
 43 1.0969
  5 2.2396
 27 1.3979
  3 1.2218
  5 1.5897
 27 1.2218
  5 1.8636
  9 1.4271
 27 1.9505
 43 1.0969
  5 2.5096
  5 3.0812
 19 1.3979
  5 1.5897
 40 1.2218
 43 1.2218
  5 0.7959
  7 1.0355
  9 1.0355
 19 1.5553
 27 1.0355
 40 0.7959
 43 0.7959
 44 0.7959
  7 1.3979
 37 1.3979
  9 2.2104
  9 1.0969
 19 1.0969
 27 1.7573
 33 1.0969
  2 0.9208
 19 1.1980
 27 1.1980
 28 0.9208
 36 0.9208
 43 1.3602
 28 1.3979
 36 1.3979
  2 1.6203
 27 3.2133
 28 1.4271
 38 1.0969
  5 1.3979
 43 2.2396
  2 1.0355
  8 0.7959
  9 0.7959
 30 1.5146
 38 1.8136
 43 1.0355
 46 0.7959
 47 1.0355
  2 1.3979
 37 2.0649
  7 1.3979
 51 1.3979
  7 1.2218
 27 1.2218
 29 2.1726
 34 2.2396
 50 1.3979
 43 2.7219
 43 2.2104
 10 1.0000
 22 1.3010
 27 1.6990
 34 1.0000
 43 1.6021
 43 2.2104
 43 2.2104
 43 1.3979
 47 1.3979
 44 2.2104
 50 2.2104
 43 2.5096
  5 1.0355
  7 0.7959
 11 1.0355
 27 0.7959
 40 1.1756
 43 1.6247
 44 1.0355
 50 0.7959
  5 1.9575
 19 1.2218
 44 1.5897
  5 2.2396
 43 1.8188
  5 2.2396
 43 1.3979
  3 1.0969
  5 2.3870
 11 1.6203
 50 1.0969
  4 1.0000
  7 1.0000
 22 1.0000
 27 1.0000
 41 1.4771
  2 1.0000
  5 1.3010
 27 1.0000
 40 1.0000
 43 1.0000
  4 1.3979
 12 1.3979
  5 2.2396
 11 1.3979
  5 1.2218
  7 1.2218
 43 1.2218
  5 1.3979
 22 1.3979
  5 1.3979
 51 1.3979
  5 1.5183
  7 1.1109
 15 1.1109
 24 1.1109
 32 0.8539
 40 1.3680
 48 0.8539
 11 1.3979
 29 1.3979
 39 1.3979
 47 1.3979
 43 2.2104
  9 1.8188
 40 1.3979
 43 2.2104
 11 2.6222
 29 1.8048
 37 2.3253
 43 2.5096
  2 1.3979
 27 1.3979
  7 1.1109
  9 1.1109
 11 0.8539
 27 0.8539
 37 1.6250
 38 0.8539
 43 1.3680
  7 2.2104
  7 1.8188
 47 1.3979
  8 1.2218
 16 1.2218
 25 1.2218
 34 2.3751
 50 2.0649
  5 2.4437
 27 1.5897
 43 2.2544
  5 3.1348
  5 2.0649
 43 1.3979
  5 2.3751
 40 1.3979
  5 2.5793
 26 1.3979
  5 3.3202
  5 2.2396
 47 1.3979
  5 2.0649
 43 1.3979
  5 1.8188
  7 1.3979
  5 2.7219
  7 2.1938
 15 1.0969
 29 1.6203
 43 1.4271
  7 1.5897
 28 1.2218
 43 1.2218
  7 1.0000
  9 1.3010
 22 1.3010
 34 1.0000
 43 1.6021
  9 1.1109
 17 1.2613
 26 1.4507
 34 1.2613
 42 1.3680
 43 0.8539
 50 1.3680
 19 1.3979
 28 1.3979
 19 1.5897
 28 1.2218
 36 1.2218
 27 1.3979
 38 1.3979
 19 1.3979
 26 1.3979
 29 2.2104
  2 1.5897
 19 1.2218
 43 1.2218
 11 1.0969
 29 2.4738
 37 1.0969
 44 1.0969
 16 1.2218
 19 1.2218
 43 1.5897
  7 1.8048
 27 1.2218
 40 2.0759
 26 2.2104
 29 2.5793
 33 1.3979
  2 2.2396
 26 1.3979
 19 2.2104
 29 3.1348
  2 1.2218
 36 1.2218
 43 1.5897
  7 1.2218
 27 1.2218
 40 1.8048
 19 1.3979
 22 1.3979
 26 1.3979
 47 1.3979
 22 2.2104
  5 1.6990
  9 1.0000
 38 1.0000
 43 1.3010
 50 1.0000
  5 3.2333
  5 2.3751
 47 1.3979
  5 1.5897
 27 1.8048
 51 1.2218
  5 1.3979
 27 1.3979
  5 1.9575
 27 1.2218
 43 1.5897
  5 2.5096
  5 2.0649
 47 1.3979
  9 1.2218
 16 1.2218
 50 1.2218
  5 2.5096
 22 3.1348
  5 2.2104
 25 1.2218
 26 1.2218
 27 2.1726
 34 1.8188
 50 1.3979
 26 1.3979
 43 1.3979
 19 1.8188
 36 1.3979
 34 1.3979
 50 1.8188
  4 0.9208
  7 0.9208
 19 1.1980
 33 0.9208
 37 0.9208
 43 1.6374
  2 1.0000
 17 1.0000
 27 1.0000
 34 1.0000
 50 1.0000
  7 1.0000
 19 1.0000
 27 1.0000
 37 1.3010
 47 1.0000
  9 1.3979
 11 1.3979
 19 1.5897
 22 1.2218
 27 1.2218
 22 2.6222
 37 1.2218
 49 1.2218
 37 1.3979
 43 1.3979
 38 1.8188
 46 1.3979
 19 2.8865
 37 1.0969
 43 1.0969
 47 1.0969
 50 1.0969
 43 4.7076
 40 1.3979
 43 1.3979
 43 3.0812
 50 1.3979
  7 1.0969
 29 1.0969
 34 1.0969
 43 1.8636
 43 2.2104
 43 2.2104
  2 0.9208
  5 0.9208
  9 1.3602
 11 1.1980
 22 1.5644
 43 1.4752
  5 2.8865
  2 1.4271
  7 1.0969
  8 1.0969
 37 1.4271
  2 1.3979
 43 2.0649
  5 2.5096
  2 1.2218
  5 2.1726
  7 1.2218
  5 2.5096
  5 3.0210
  5 2.0649
 28 1.3979
  2 0.9208
 11 0.9208
 19 1.1980
 27 1.3602
 28 0.9208
 43 1.1980
  5 2.5096
  5 2.0649
  7 1.3979
  5 1.3979
 43 1.8188
  7 1.3979
 15 1.3979
  5 2.2104
  7 0.9208
  9 0.9208
 10 0.9208
 11 1.5644
 37 0.9208
 44 0.9208
  7 1.3979
 43 1.3979
  7 1.2218
 11 1.2218
 37 1.5897
 11 1.2218
 15 1.5897
 47 1.2218
 19 1.0969
 33 1.0969
 41 1.0969
 43 2.0239
 16 1.3979
 43 1.3979
 19 1.2218
 22 1.2218
 27 2.1726
 26 1.3979
 34 1.3979
 29 2.2104
 29 2.2104
 22 2.2104
 27 1.8188
 38 1.3979
  2 1.2750
 27 1.5553
 29 1.2750
 30 0.7959
 38 0.7959
 43 0.7959
 44 1.0355
 47 0.7959
 30 1.3979
 38 1.3979
 34 1.8048
 43 1.5897
 50 1.5897
  2 1.0969
 19 1.0969
 27 1.0969
 43 1.4271
 34 1.3979
 50 1.8188
 34 2.2104
  2 1.0000
  5 1.3010
  7 1.3010
 40 1.7782
 43 1.0000
  2 1.1109
  7 1.2613
  9 1.3680
 19 1.2613
 27 0.8539
 43 0.8539
 44 0.8539
  2 1.8188
 27 1.3979
  2 1.3979
  5 1.8188
  5 1.9575
  6 1.2218
  7 1.2218
  2 0.9208
  5 1.3602
  7 0.9208
 15 0.9208
 35 0.9208
 51 1.3602
  2 1.2613
  3 1.1109
  5 1.1109
  9 0.8539
 27 1.1109
 42 0.8539
 50 0.8539
  5 1.8048
 27 1.2218
 50 1.2218
  5 2.0649
  7 1.3979
  5 2.0759
 27 1.2218
 51 1.2218
  5 2.5793
 43 1.3979
  5 1.0000
 24 1.0000
 32 1.0000
 41 1.0000
 43 1.0000
  7 1.0000
 27 1.3010
 30 1.0000
 43 1.0000
 47 1.0000
  5 2.2104
  5 2.5096
  7 1.3979
 27 3.1527
  9 0.9689
 10 0.7447
 19 1.2653
 26 0.7447
 27 0.7447
 28 0.7447
 29 0.7447
 43 1.4554
 44 0.7447
 19 1.6021
 26 1.0000
 28 1.0000
 37 1.0000
 38 1.0000
  7 0.8539
 22 1.2613
 27 0.8539
 30 0.8539
 34 1.3680
 43 1.1109
 50 1.1109
 22 2.2104
 22 2.0649
 43 1.3979
 27 1.3979
 43 1.3979
 27 1.8188
 28 1.3979
 29 1.5897
 37 1.2218
 43 1.9575
 11 1.8636
 26 1.0969
 29 2.9411
 37 1.0969
 26 2.2104
  7 1.8188
 42 1.3979
 19 1.4771
 22 1.3010
 27 1.0000
 43 1.3010
 44 1.0000
 29 1.3979
 43 2.2396
 18 1.3979
 30 1.3979
 22 1.3979
 43 1.3979
 30 1.9575
 38 1.2218
 46 1.2218
 33 1.8188
 43 2.0649
 34 1.3979
 50 1.8188
  7 1.2218
 40 1.2218
 43 1.2218
 34 1.3979
 43 1.3979
  7 1.0969
 19 1.0969
 26 1.0969
 28 1.0969
  9 1.3979
 47 2.7959
  2 1.3979
 43 1.3979
 29 2.0649
 43 1.3979
 37 1.3979
 43 2.2396
 27 2.2104
  7 1.8416
  9 0.9208
 19 0.9208
 27 1.4752
 29 0.9208
 43 1.3602
 19 1.3979
 34 2.2396
 37 1.0969
 39 1.0969
 43 1.0969
 47 1.0969
  2 2.0649
 27 1.3979
 37 1.2218
 43 1.2218
 47 1.2218
 43 3.5915
 43 3.3274
 47 1.3979
 29 1.2218
 38 1.2218
 43 2.0759
 43 4.1030
 43 2.2104
 43 2.5096
 43 3.1348
  5 2.2544
 22 1.2218
 27 1.5897
 43 1.3979
 47 2.0649
  2 1.0000
 19 1.3010
 22 1.0000
 43 1.4771
 47 1.3010
 43 2.5096
  2 4.8123
 11 1.3979
 27 1.8188
  9 2.2104
  2 1.3979
 43 1.3979
  5 1.2218
 19 1.5897
 31 1.2218
 43 2.2104
 43 3.3202
 43 3.1348
  2 1.2218
 21 1.2218
 27 1.8048
  7 0.7959
 11 0.7959
 19 1.0355
 26 0.7959
 28 0.7959
 42 0.7959
 43 1.2750
 51 0.7959
 43 1.8188
 47 1.8188
  6 1.0000
 27 1.3010
 28 1.0000
 39 1.0000
 43 1.7782
  7 1.8048
 29 1.5897
 43 1.2218
 24 2.5096
  2 2.5096
  2 1.1109
  7 1.2613
 22 1.1109
 27 0.8539
 31 0.8539
 43 1.2613
 50 0.8539
  2 1.5897
  7 1.2218
 37 1.2218
  2 0.8539
  9 1.1109
 11 0.8539
 19 0.8539
 29 0.8539
 34 1.1109
 50 1.1109
  9 1.2218
 27 1.5897
 50 1.2218
  2 0.9094
  7 0.6990
  9 0.6990
 11 0.6990
 19 0.9094
 20 0.6990
 28 0.9094
 29 0.6990
 37 0.6990
 43 0.9094
  7 2.0759
 27 1.2218
 42 1.2218
  7 1.3979
 29 2.0649
  7 1.2218
 43 1.8048
 46 1.2218
 19 1.3979
 43 1.8188
 22 1.2218
 34 1.5897
 42 1.5897
 27 2.2104
 29 1.1980
 30 0.9208
 37 0.9208
 38 0.9208
 43 1.3602
 46 1.5644
  2 1.3602
  7 0.9208
 21 0.9208
 37 0.9208
 43 0.9208
 46 1.1980
  2 1.3979
 27 1.3979
 21 1.3979
 43 1.3979
 29 1.8188
 43 1.3979
 30 1.2218
 38 1.9575
 41 2.2544
 27 1.8188
 42 1.3979
  2 1.6203
 22 1.0969
 43 2.4466
 47 1.7573
  7 1.0969
  9 1.0969
 47 1.7573
 50 1.0969
 34 1.5897
 43 2.3878
 50 1.2218
 43 2.5096
 19 1.3979
 28 1.3979
 43 2.2104
  2 1.3979
 24 1.8188
  9 0.7959
 12 0.7959
 16 0.7959
 19 1.1756
 34 0.7959
 37 1.0355
 43 1.5918
 49 0.7959
 27 2.0649
 43 2.2396
 40 1.8188
 43 1.3979
 27 1.3979
 43 1.3979
  7 1.3979
 27 2.0649
 43 2.2104
 43 2.2104
 16 0.9208
 19 1.3602
 22 0.9208
 28 0.9208
 43 0.9208
 44 0.9208
 22 0.9208
 27 0.9208
 28 0.9208
 43 0.9208
 48 0.9208
 51 0.9208
 43 2.2104
 43 2.2104
 43 2.2104
 19 1.0000
 27 1.3010
 31 1.0000
 36 1.0000
 43 1.0000
 43 2.2104
 11 1.5897
 29 1.2218
 37 1.2218
 43 2.2104
 43 3.0210
 43 1.3979
 51 1.8188
 43 2.8865
 47 3.1348
 50 2.7219
 50 2.5096
 50 2.2104
 50 2.2104
 50 2.2104
 50 3.0210
 27 3.1348
  2 0.7959
 11 0.7959
 20 0.7959
 22 0.7959
 29 0.7959
 37 0.7959
 43 0.7959
 46 1.0355
  2 0.9208
  9 0.9208
 11 1.1980
 17 0.9208
 29 1.1980
 37 0.9208
  7 1.3010
 25 1.0000
 27 1.0000
 40 1.4771
 43 1.9542
  2 1.0000
  7 1.0000
 27 1.3010
 37 1.0000
 43 1.6021
  3 2.5096
  7 2.7219
  7 1.0000
 19 1.6021
 27 1.4771
 43 1.6021
 46 1.0000
  7 1.3979
 40 1.8188
 10 1.0969
 21 1.0969
 37 1.0969
 43 1.4271
 15 1.2218
 42 1.2218
 44 1.2218
 26 1.2218
 27 1.2218
 43 1.5897
 28 2.2104
 19 1.8188
 43 1.3979
 39 2.0649
 47 2.6604
 11 2.2104
 43 3.3979
 22 2.2104
 43 3.1348
  9 1.3979
 50 2.0649
 19 1.2218
 28 1.2218
 43 1.2218
 43 2.2104
 29 1.5897
 34 1.2218
 43 1.2218
 19 1.3979
 22 1.3979
 34 2.2104
  5 2.2104
  9 1.8048
 34 1.5897
 42 1.2218
 47 2.2104
  7 2.2104
  2 1.9575
 25 1.9575
 42 1.2218
 27 2.2104
 19 2.2104
 34 2.8865
 43 2.2104
 18 1.0969
 19 1.0969
 22 1.4271
 43 1.6203
 43 2.5096
 43 2.2104
 29 2.5793
 31 1.3979
 37 1.3979
 43 1.3979
  2 2.6604
 27 4.8402
  2 1.2218
 38 1.2218
 47 1.2218
 19 1.0969
 33 1.0969
 43 1.0969
 47 1.0969
 27 2.2104
  5 2.5096
  2 1.4271
  9 1.4271
 27 1.0969
 43 1.0969
  9 1.5897
 34 1.2218
 50 1.2218
 27 2.2104
 19 1.8188
 37 1.3979
 27 2.7219
 43 2.2104
 43 2.8865
 19 1.1001
 22 0.9689
 27 1.3242
 28 0.7447
 33 0.9689
 38 0.7447
 41 0.9689
 43 1.6415
 47 0.7447
 43 2.2104
 50 2.7219
 29 1.0969
 34 1.0969
 43 1.0969
 49 1.0969
 21 2.8537
 43 1.3979
  2 1.1109
  9 0.8539
 29 0.8539
 37 0.8539
 43 0.8539
 50 0.8539
 51 1.1109
 19 2.2104
  2 1.0000
 11 1.0000
 19 1.0000
 26 1.0000
 43 1.3010
 27 1.3979
 43 1.3979
 34 1.3979
 50 1.3979
  7 1.2218
 37 1.2218
 43 1.2218
 19 1.3979
 42 1.3979
 11 2.2104
 27 1.0969
 29 1.0969
 37 1.4271
 43 1.0969
  5 1.3979
 22 1.3979
 11 2.0875
 27 1.0969
 29 1.4271
 37 2.1938
 19 1.5897
 36 1.5897
 42 1.2218
  2 1.1109
  7 0.8539
 19 1.1109
 27 1.1109
 30 0.8539
 34 0.8539
 43 0.8539
  7 2.3253
 40 1.2218
 47 1.2218
  7 2.8865
 27 1.8188
 43 1.3979
  7 1.4771
 29 1.4771
 37 1.3010
 40 1.0000
 43 1.0000
  2 1.3010
 11 1.0000
 19 1.0000
 27 1.3010
 43 1.0000
  4 1.3741
  7 0.7447
 11 0.7447
 22 0.7447
 26 0.9689
 29 0.7447
 37 0.7447
 40 0.7447
 43 0.7447
  7 1.5897
 40 1.5897
 46 1.2218
 10 1.0000
 19 1.4771
 38 1.3010
 43 1.3010
 44 1.0000
 28 2.2104
  2 0.6990
  8 0.6990
 11 0.9094
 21 0.6990
 27 0.9094
 37 1.0325
 43 1.3302
 47 0.6990
 49 0.6990
 51 0.6990
 43 3.5915
 49 2.2104
 19 1.3979
 43 1.8188
  5 2.2104
  5 1.3979
 22 1.8188
  2 1.3979
 43 1.3979
  9 1.7782
 22 1.0000
 34 1.3010
 43 1.0000
 50 1.4771
 27 1.8048
 29 1.2218
 40 1.2218
 29 1.8188
 38 2.0649
  7 1.5897
 11 1.2218
 27 1.2218
  2 0.9208
 16 0.9208
 19 1.1980
 27 0.9208
 43 1.1980
 49 0.9208
  7 1.8188
 38 1.3979
  7 0.9208
  8 0.9208
 19 0.9208
 34 0.9208
 43 0.9208
 50 1.1980
  8 0.9208
 16 0.9208
 17 0.9208
 25 0.9208
 27 0.9208
 43 0.9208
 19 1.3979
 44 1.3979
 21 1.9031
 30 1.0000
 38 1.0000
 43 1.0000
 47 1.0000
 43 2.2104
  9 1.3979
 19 2.0649
 29 1.8188
 43 1.3979
  4 0.6576
 11 0.6576
 20 0.6576
 28 0.6576
 29 0.8555
 30 0.6576
 37 0.6576
 38 0.6576
 46 0.8555
 47 0.6576
 48 0.6576
  2 1.0000
 10 1.0000
 41 1.0000
 42 1.0000
 43 1.3010
  2 1.3302
 10 0.6990
 19 0.9094
 22 0.6990
 27 0.9094
 28 0.9094
 36 0.6990
 38 0.6990
 43 0.6990
 44 0.6990
  2 1.2218
 29 1.8048
 43 1.2218
  7 1.3979
 47 1.3979
  9 1.3979
 19 1.3979
 22 1.0969
 26 1.0969
 28 1.4271
 51 1.0969
 27 4.0439
 27 1.8188
 43 1.3979
  5 3.8664
 15 1.2218
 22 2.9083
 28 1.2218
 30 1.5897
 43 1.9575
 29 2.2104
 30 1.8188
 38 1.3979
  9 0.9208
 10 1.1980
 17 0.9208
 27 1.1980
 34 0.9208
 43 2.3859
 43 2.2104
 43 2.2104
  2 2.2396
 27 1.3979
 19 1.3979
 44 1.3979
  2 0.2676
  4 0.3953
  5 0.3482
  7 0.3482
 11 0.2676
 12 0.3482
 15 0.2676
 16 0.2676
 18 0.3482
 20 0.2676
 21 0.3482
 22 0.5898
 24 0.2676
 27 0.3482
 29 0.2676
 30 0.2676
 37 0.2676
 38 0.2676
 39 0.2676
 40 0.3482
 41 0.2676
 43 0.3482
 44 0.3482
 46 0.2676
 48 0.2676
 49 0.2676
 50 0.3482
 27 2.2104
 26 1.3979
 43 2.0649
 22 1.3979
 50 1.3979
 41 1.3979
 43 1.3979
  7 1.2218
 28 1.2218
 40 1.8048
  9 2.2104
  6 1.0969
 21 1.0969
 28 1.4271
 43 1.6203
  2 1.0969
  7 1.4271
 19 1.0969
 37 1.0969
 11 1.3979
 43 1.3979
  5 1.3979
 29 2.5793
 43 2.5096
 34 1.3979
 43 1.3979
  7 1.5897
 10 1.2218
 40 1.2218
 28 1.3979
 43 2.3751
 43 2.2104
  2 1.2218
 19 1.2218
 43 1.5897
 34 2.0649
 50 1.3979
  2 3.6462
  7 1.2218
 28 1.2218
 29 1.5897
  2 0.9208
  8 1.3602
 16 1.6990
 25 0.9208
 27 1.9145
 43 1.3602
 27 1.2218
 29 1.8048
 37 1.2218
 34 1.8188
 50 1.8188
 43 5.0513
 43 2.5096
  7 1.3979
 29 1.8188
  2 0.6576
  4 0.6576
  7 0.6576
 12 0.6576
 19 0.6576
 21 0.6576
 22 0.6576
 27 0.6576
 37 0.9713
 43 0.6576
 50 0.6576
 10 2.2104
 27 2.7219
 43 2.7219
  8 1.2613
 16 0.8539
 19 0.8539
 25 0.8539
 28 0.8539
 40 1.3680
 43 1.2613
  5 2.8537
 27 2.0649
  2 1.3602
  9 0.9208
 16 0.9208
 27 0.9208
 37 0.9208
 38 0.9208
 17 1.2218
 27 2.1726
 43 1.2218
 27 1.3979
 43 1.3979
 42 2.5096
 43 4.2562
 34 2.2104
  7 1.2218
 34 1.8048
 50 1.5897
 43 2.2104
  2 1.0000
 27 1.0000
 42 1.0000
 43 1.4771
 47 1.3010
  2 0.7447
 19 0.7447
 21 0.7447
 27 1.4173
 29 0.7447
 37 0.9689
 42 0.9689
 43 0.7447
 50 0.7447
 16 1.3010
 27 1.0000
 28 1.0000
 33 1.7782
 43 1.6021
 19 1.3979
 21 1.3979
  2 0.8555
  7 0.6576
 10 0.6576
 16 0.6576
 26 0.6576
 34 0.6576
 40 0.6576
 42 0.8555
 43 1.0535
 46 0.6576
 51 0.6576
 16 1.2218
 19 1.2218
 43 1.9575
 43 2.5096
  2 1.0000
 22 1.0000
 26 1.0000
 42 1.0000
 43 1.0000
  7 1.5897
 19 1.5897
 46 1.2218
 42 1.3979
 43 1.3979
  5 1.1109
  7 0.8539
 25 1.1109
 27 0.8539
 30 0.8539
 40 0.8539
 43 1.5183
  5 1.8188
 25 1.3979
  5 2.0759
 27 1.5897
 43 1.2218
  5 2.8865
  5 3.7895
  5 2.8537
 43 1.3979
  5 2.6222
 28 1.2218
 43 1.2218
  5 3.2333
  5 2.2396
 43 1.3979
  5 1.0969
 15 1.0969
 30 1.0969
 50 1.0969
  7 1.5644
 11 0.9208
 29 1.6990
 37 0.9208
 40 0.9208
 43 1.8416
 11 1.0000
 29 1.4771
 36 1.3010
 43 1.4771
 44 1.0000
 19 2.2104
  9 2.9708
 37 1.2218
 44 1.5897
 19 1.0969
 26 1.0969
 27 1.0969
 43 1.9505
  6 1.3979
 19 1.3979
 10 1.3979
 36 1.3979
 27 2.2104
 19 2.5096
  2 1.3979
 19 1.3979
 43 1.8188
 47 1.3979
 30 1.8188
 38 1.3979
 43 2.2104
 43 2.8865
 43 2.2104
  2 1.2218
 16 1.2218
 28 1.2218
  7 1.3979
 26 1.3979
 16 1.3979
 27 1.3979
 43 2.5096
  2 1.3979
 27 1.3979
 40 1.3979
 43 1.3979
  5 2.0649
 47 1.3979
  5 1.8188
 17 1.3979
  5 1.8188
 28 1.3979
  2 1.3979
  7 1.3979
  2 2.7219
  5 1.8188
 43 1.3979
  5 2.5096
  5 2.5096
  5 2.2104
  5 1.3979
 25 1.3979
  7 0.8539
  8 0.8539
  9 0.8539
 16 0.8539
 27 1.6250
 37 0.8539
 43 0.8539
  7 1.8188
 40 2.0649
  9 1.2218
 34 1.2218
 43 1.2218
  2 1.0969
 19 1.9505
 21 1.4271
 46 1.0969
 17 1.2218
 25 1.2218
 43 2.0759
 19 1.3979
 48 1.3979
 43 2.2104
 43 2.2104
 43 2.2104
 43 2.2104
 28 3.0210
  7 2.3253
 40 1.8048
 47 1.2218
 43 2.2104
  5 2.2104
  7 1.9505
 40 1.0969
 43 1.0969
 47 1.4271
 26 2.2104
 19 1.3979
 44 1.3979
 43 2.2104
  2 1.3979
 43 1.3979
  5 1.8188
 27 1.3979
 22 2.2104
  5 1.3979
 27 3.4629
 27 2.2104
 27 2.2104
 40 2.5096
  2 2.2104
  5 2.5096
  5 2.8865
 30 1.0969
 38 1.6203
 43 1.0969
 47 1.0969
  2 0.9208
  4 0.9208
  7 0.9208
 22 1.3602
 27 1.5644
 37 1.1980
 22 1.3979
 27 2.0649
 33 2.2104
 37 1.3979
 43 1.3979
 43 2.2104
 43 2.2104
 43 2.2104
 22 1.5897
 26 1.5897
 29 1.5897
 22 1.3979
 27 2.0649
  7 1.3979
 43 1.3979
 19 1.8188
 43 1.3979
 43 2.2104
  7 1.8188
 11 2.0649
  2 2.5096
 34 2.3751
 50 2.6604
  5 1.8048
 27 1.2218
 43 1.2218
  5 2.5793
 27 1.3979
 19 1.0969
 27 1.8636
 37 1.0969
 43 2.2392
  3 1.5897
 11 1.2218
 37 1.9575
  5 3.2333
  5 1.8048
 40 1.2218
 43 1.2218
  5 2.2104
  5 1.8188
 50 1.3979
  5 2.2104
  5 2.2104
  2 1.0969
 11 1.0969
 17 1.0969
 26 1.0969
  5 1.0969
  7 1.4271
 26 1.0969
 40 1.4271
  9 3.9797
  8 1.0969
 16 1.4271
 40 1.0969
 43 2.0875
  9 1.5897
 18 1.9575
 50 1.2218
 11 2.8865
 10 2.2104
  2 1.3979
 27 2.8537
 11 1.2218
 19 1.2218
 28 1.2218
 11 1.3979
 37 1.3979
 27 2.2396
 43 1.3979
 19 1.3979
 36 1.3979
 40 2.5096
 43 4.9683
 22 1.0969
 29 1.0969
 30 1.0969
 43 1.4271
  7 0.6576
 10 0.6576
 16 0.6576
 19 0.6576
 21 0.6576
 33 0.6576
 37 1.1693
 38 0.9713
 40 0.6576
 42 0.6576
 43 0.9713
 19 1.3010
 27 1.0000
 28 1.6021
 29 1.0000
 43 1.0000
 11 1.8188
 29 1.3979
  9 1.0969
 19 1.9505
 28 1.9505
 35 1.0969
 19 2.8865
 22 1.3979
 43 2.4857
 40 2.2104
 43 2.5096
  4 1.0969
 12 1.0969
 22 1.0969
 37 1.4271
 43 1.3979
 51 1.3979
  4 1.0000
  7 1.4771
 19 1.0000
 29 1.3010
 43 1.4771
  5 2.2104
  5 2.5096
  2 2.3253
 16 1.2218
 18 1.2218
  5 1.3979
 43 1.3979
  9 1.8188
 43 1.3979
 11 2.2104
 19 2.3751
 28 1.3979
 26 1.3979
 43 1.8188
  7 1.4752
 25 0.9208
 37 0.9208
 38 0.9208
 40 0.9208
 50 0.9208
 27 1.8188
 29 1.3979
 33 1.3979
 40 1.8188
 43 4.7676
 43 4.2789
 27 2.2104
 43 2.2104
 43 3.8316
 27 1.3979
 43 1.8188
  5 1.3979
 19 2.2396
  8 1.3979
 43 1.8188
 43 2.5096
 43 2.5096
  2 1.3979
 43 1.3979
  7 2.2104
 27 2.8865
  2 1.8636
  9 1.0969
 27 1.0969
 42 1.4271
 43 2.0649
 50 1.3979
  7 2.8865
 43 1.3979
 50 1.3979
 29 1.0969
 33 1.0969
 37 1.0969
 41 1.0969
  4 0.9208
  7 0.9208
 19 0.9208
 37 0.9208
 38 1.3602
 43 1.3602
  5 2.0759
 19 1.2218
 50 1.2218
  7 1.6824
 10 0.7959
 19 0.7959
 34 1.1756
 40 0.7959
 43 1.0355
 44 0.7959
 50 0.7959
  5 2.2104
 19 2.2104
  9 1.2218
 34 1.2218
 50 1.2218
 43 2.5096
 43 2.2104
 43 2.2104
 47 2.5096
 46 1.3979
 47 1.8188
 47 2.2104
  7 1.8451
 19 1.0000
 22 1.0000
 27 1.3010
 37 1.0000
 50 2.2104
  2 1.3979
 40 2.0649
  9 1.2218
 11 1.2218
 17 1.2218
 34 1.2218
 43 1.5897
 50 1.2218
  2 2.2104
  7 1.0000
  9 1.0000
 26 1.0000
 43 1.0000
 47 1.3010
  8 1.6021
 10 1.0000
 12 1.0000
 19 1.0000
 37 1.0000
 10 1.0000
 16 1.0000
 29 1.3010
 34 1.0000
 43 1.3010
 11 2.2104
 22 2.4177
 26 1.0969
 43 1.8636
 50 1.0969
  7 2.7219
 40 2.2104
 29 1.0969
 34 1.0969
 37 1.0969
 51 1.0969
 11 1.2218
 29 1.2218
 37 1.2218
 19 1.3979
 50 1.3979
 43 2.5096
  9 0.7447
 19 0.7447
 21 0.7447
 28 0.7447
 34 0.7447
 40 0.7447
 42 0.7447
 43 0.9689
 51 0.7447
 43 2.5096
 43 2.2104
 34 1.9575
 43 1.2218
 50 2.2544
 27 2.0649
 43 1.3979
 17 2.2104
  7 2.6604
 40 2.5793
 22 2.3751
 27 2.2396
  2 1.0000
  7 1.4771
 11 1.3010
 37 1.4771
 47 1.4771
  7 1.3979
 29 1.3979
 26 2.2104
  2 0.9208
 10 0.9208
 19 0.9208
 37 0.9208
 43 1.6990
 47 0.9208
 29 3.1856
 37 2.2396
 43 2.2104
 50 2.2104
  2 1.0000
  7 1.3010
 27 1.3010
 37 1.0000
 43 1.6021
  2 1.8188
 43 2.2396
 27 1.8188
 43 1.3979
 29 1.3979
 43 1.3979
 27 2.2104
 34 2.5793
 50 1.3979
 34 1.3979
 50 1.3979
  5 2.2104
 43 3.3202
  2 2.5096
  4 1.0969
  7 2.4996
 40 1.4271
 43 1.0969
  5 2.2104
 21 1.0000
 27 1.3010
 37 1.3010
 38 1.0000
 43 1.3010
 27 1.2218
 29 1.5897
 37 1.5897
 26 1.3979
 43 1.8188
 27 2.3751
 43 1.8188
  7 1.0355
  9 0.7959
 16 0.7959
 19 0.7959
 22 1.2750
 27 1.0355
 43 0.7959
 48 1.0355
 50 2.2104
 51 2.2104
 43 2.2104
 28 1.3979
 36 1.3979
  7 2.2104
 17 1.3979
 43 1.3979
 40 2.2104
  2 1.4771
 10 1.9542
 19 1.0000
 26 1.0000
 43 1.6990
 19 1.3979
 43 1.3979
 43 3.1348
 43 3.3202
  2 1.5918
 19 1.2750
 22 0.7959
 27 1.2750
 28 0.7959
 43 1.2750
 44 0.7959
 46 1.0355
  7 2.1726
 40 1.2218
 43 1.5897
 10 1.0969
 26 1.0969
 37 1.0969
 43 1.0969
 41 2.5793
 43 1.3979
 26 2.2104
  7 1.3979
 26 1.8188
 26 2.2104
 43 1.8048
 46 1.2218
 47 1.2218
 11 1.3602
 19 1.1980
 37 0.9208
 43 1.1980
 49 0.9208
 50 0.9208
 43 2.2104
  2 1.4271
 27 1.4271
 42 1.4271
 43 1.0969
 40 2.5096
  2 1.8451
 19 1.6021
 27 1.6990
 28 1.0000
 43 1.4771
  9 2.5096
 22 1.2218
 28 1.2218
 33 1.2218
 28 1.3979
 33 1.3979
  2 1.5897
 22 1.2218
 33 1.2218
  7 1.3979
 39 1.3979
  9 1.8188
 22 1.3979
 11 1.5897
 43 1.9575
 50 1.2218
 19 2.2104
 37 1.2218
 43 2.8115
 44 1.2218
 27 2.5096
 19 1.8048
 28 1.2218
 41 1.2218
 27 2.2104
 37 1.3979
 43 1.3979
 43 2.8865
  2 1.7524
 19 0.9208
 28 0.9208
 35 0.9208
 36 0.9208
 43 1.1980
 19 1.5897
 26 1.2218
 28 1.5897
 26 1.3979
 38 1.3979
 43 3.4683
 26 1.2218
 43 1.5897
 51 1.2218
 19 1.8188
 50 1.3979
 43 2.2104
  2 2.2104
  7 1.5897
 27 1.2218
 43 1.2218
 43 2.2104
 29 2.0649
 50 1.8188
 47 2.7219
 14 1.3979
 43 2.4857
  8 1.0000
 16 1.0000
 25 1.0000
 33 1.3010
 43 3.2430
  2 1.2218
 19 2.0759
 27 1.2218
 19 1.8188
 43 1.3979
 43 2.7219
 43 3.0210
  2 2.2104
 43 2.5096
  7 1.3979
 43 1.3979
 33 2.5096
  2 1.3979
 37 1.3979
 19 1.3979
 27 1.3979
  2 1.3979
 38 1.3979
 23 1.8188
 43 2.3751
  7 2.4943
 29 1.2218
 37 1.5897
 26 1.2218
 31 1.2218
 43 1.2218
 19 1.3979
 36 1.3979
 27 1.3979
 47 1.3979
  7 1.3979
 47 1.3979
  7 2.6604
 27 1.8188
 11 1.3979
 40 1.3979
  2 0.6990
  7 0.6990
 10 0.9094
 19 1.0325
 22 0.9094
 25 0.6990
 31 0.6990
 40 0.6990
 43 1.7414
 44 0.9094
 11 1.8188
 40 1.3979
  2 1.0000
  7 1.3010
 19 1.3010
 29 1.0000
 43 1.0000
  7 2.0649
 11 1.3979
 27 2.7219
  2 1.2653
  7 1.1001
 16 0.7447
 19 1.1931
 27 0.7447
 28 0.7447
 43 0.7447
 44 1.1931
 46 0.9689
  2 1.0969
  9 1.0969
 18 1.6203
 43 1.8636
  9 1.3979
 19 1.3979
 50 3.3202
  2 1.3010
  7 1.6021
 19 1.3010
 27 1.3010
 44 1.0000
  4 1.2218
  9 1.2218
 19 1.5897
 42 1.3979
 47 1.3979
  2 1.7431
 16 1.1109
 18 0.8539
 25 0.8539
 38 1.1109
 43 0.8539
 46 1.2613
  9 1.0969
 17 1.0969
 19 1.0969
 43 1.0969
 17 2.2104
 19 2.2104
 27 2.7219
 43 2.5096
  8 1.0000
 16 1.6021
 25 1.0000
 33 1.0000
 42 1.0000
 43 3.2333
  7 3.2167
 40 1.8188
  7 4.2787
 40 2.0649
  5 1.2218
  7 2.0759
 40 1.2218
  9 1.3979
 43 1.3979
  8 1.0969
 19 1.4271
 43 1.4271
 44 1.0969
 28 1.3979
 43 2.0649
 16 1.1109
 19 1.4507
 28 0.8539
 33 1.5183
 41 1.1109
 43 1.7077
 44 0.8539
  9 1.8188
 19 1.3979
 22 1.8188
 43 1.3979
  2 1.1001
 11 0.7447
 12 0.7447
 27 1.2653
 29 0.9689
 34 1.1001
 37 0.7447
 40 0.7447
 43 1.1931
  2 1.0969
 10 1.0969
 26 1.0969
 42 1.0969
 29 1.5897
 40 1.2218
 42 1.2218
 22 2.2104
 27 2.2104
 33 1.8188
 43 1.8188
 43 2.2104
 43 1.3979
 50 1.3979
 43 2.8865
 43 2.2104
 19 2.5240
 28 2.1436
 36 1.6203
 43 1.0969
 27 1.2218
 37 1.8048
 51 1.2218
 11 2.2104
 43 2.7219
 43 2.5096
 10 1.5897
 29 1.9575
 38 1.2218
  9 1.2218
 43 1.2218
 46 1.2218
 19 1.3979
 29 1.8188
 19 2.5096
 22 2.2104
 34 2.2104
  2 0.7959
  7 0.7959
 27 1.5146
 29 0.7959
 30 0.7959
 38 1.0355
 41 0.7959
 43 0.7959
  4 1.3979
 12 1.3979
  7 2.7219
 27 2.5096
  7 2.3253
 19 1.2218
 43 2.0759
 11 2.2104
  2 1.2218
 19 1.2218
 27 2.0759
  5 1.5897
  9 1.2218
 10 1.2218
  7 0.9208
  9 0.9208
 19 1.5644
 28 1.1980
 31 1.3602
 43 1.7995
 29 1.3979
 43 1.3979
  2 3.0210
  7 1.2218
 37 1.2218
 43 1.5897
  4 1.0000
 12 1.0000
 18 1.0000
 43 1.4771
 47 1.0000
  7 1.3979
  9 1.3979
  9 3.4683
  2 1.3602
  7 1.1980
  9 0.9208
 19 1.1980
 21 0.9208
 50 0.9208
 19 2.2104
 26 1.0000
 27 1.3010
 29 1.6021
 37 1.0000
 43 1.0000
 29 2.2104
 36 1.3979
 43 1.8188
 37 1.3979
 43 1.3979
 38 1.3979
 40 1.3979
 19 1.2218
 26 2.0759
 43 1.2218
 11 2.1726
 29 2.6931
 37 1.8048
 38 1.3979
 46 1.3979
 43 3.1348
 43 2.2104
 43 2.2104
 19 1.3979
 43 2.9066
 19 1.3979
 43 1.3979
  7 1.3979
 27 1.3979
  7 1.3979
 47 1.3979
 22 4.0740
 24 1.3979
 41 1.3979
 27 1.3979
 43 2.0649
 35 1.3979
 43 1.3979
 43 2.7219
  7 1.3979
 40 2.8537
  7 2.2104
 43 2.2104
 43 1.3979
 47 1.3979
 41 1.3979
 43 1.8188
  8 1.1109
 10 1.2613
 19 0.8539
 25 0.8539
 27 0.8539
 28 0.8539
 42 0.8539
 43 2.2104
  7 1.2218
 26 1.2218
 27 1.2218
 43 2.2104
 43 1.3979
 44 1.3979
 29 2.5096
  2 1.3979
 19 1.3979
  9 1.3979
 27 1.3979
 17 0.7959
 19 0.7959
 26 0.7959
 28 0.7959
 34 0.7959
 42 0.7959
 43 1.3522
 50 0.7959
 26 2.5096
 27 1.3979
 43 1.8188
 27 1.7573
 29 1.8636
 34 1.0969
 50 1.6203
 43 1.3979
 47 1.3979
 43 2.2104
 21 2.2104
 27 3.6462
  7 1.3979
 11 1.3979
  2 1.1109
  9 1.1109
 11 1.1109
 29 1.6687
 37 0.8539
 42 0.8539
 43 1.3680
 27 1.3979
 42 1.8188
  7 2.2104
 11 2.8537
 43 1.3979
 34 1.8188
 42 1.3979
 43 2.2104
  4 1.0969
 29 1.8636
 30 1.0969
 37 1.4271
 27 2.2104
 50 3.1348
  9 1.3979
 29 1.8188
 11 1.0969
 34 1.4271
 38 1.0969
 43 1.0969
  7 2.2104
  7 2.7219
  5 2.2104
 22 1.3979
 43 3.1527
 40 3.0210
 43 2.7219
 43 1.3979
 51 1.3979
  7 1.8636
 31 1.4271
 43 1.8636
 44 1.0969
  2 1.3979
 27 2.0649
  7 1.0969
 11 1.0969
 26 1.0969
 43 1.4271
 15 1.4752
 19 1.9145
 26 1.1980
 32 1.1980
 43 0.9208
 44 1.3602
 27 1.2218
 42 1.2218
 43 1.2218
  2 1.3979
 19 1.8188
  2 1.0000
 16 1.3010
 19 1.9542
 28 1.3010
 43 2.0792
 27 2.5096
  2 1.3979
  5 1.3979
  7 2.3751
 43 2.3751
 27 4.0740
 28 1.3979
 47 1.3979
  2 1.2218
 27 1.2218
 44 1.2218
  5 1.3979
 41 1.8188
 28 1.2218
 42 1.2218
 43 1.8048
 37 1.3979
 40 1.3979
  2 1.3979
 19 1.3979
  7 1.3680
 12 0.8539
 29 0.8539
 40 1.1109
 41 0.8539
 42 0.8539
 43 1.2613
  7 2.2104
 19 1.3979
 28 2.0649
 43 3.6222
 46 1.3979
 43 3.3202
 19 1.3979
 36 1.3979
  2 1.3979
 22 1.3979
 26 1.3979
 46 1.3979
 19 1.2218
 34 1.2218
 43 2.0759
 43 2.8865
 43 2.2104
 43 1.3979
 50 1.3979
 43 3.0210
  2 1.0969
  9 1.0969
 27 1.0969
 43 1.4271
  5 2.2104
  5 1.3979
 40 1.3979
  9 1.0000
 19 1.3010
 28 1.3010
 33 1.0000
 43 1.4771
  2 1.0969
  8 1.0969
 19 1.0969
 42 2.0875
  7 1.2218
 19 1.5897
 37 1.2218
  7 0.5850
  9 0.9372
 16 0.5850
 19 0.7611
 21 0.5850
 22 0.7611
 26 0.7611
 31 0.5850
 41 0.5850
 42 0.5850
 43 1.1701
 47 0.5850
 50 0.5850
  7 1.0969
 34 1.0969
 43 1.0969
 50 1.0969
  2 1.2218
 27 1.2218
 42 1.5897
 43 2.5096
 11 2.2104
 22 1.3979
 43 2.2396
 27 2.7219
 43 2.5096
  3 1.3602
 19 1.1980
 22 0.9208
 37 0.9208
 44 0.9208
 47 0.9208
 43 2.2104
 16 1.3979
 19 1.8188
  2 0.6990
  5 0.6990
 18 0.6990
 19 1.1198
 25 0.6990
 27 0.6990
 28 0.9094
 30 0.6990
 43 1.5210
 47 1.0325
  3 1.3010
 11 2.3424
 20 1.0000
 29 2.1461
 37 2.2788
  2 1.1109
 17 0.8539
 19 1.2613
 26 0.8539
 27 1.3680
 28 1.2613
 43 1.7077
 33 1.3979
 43 1.3979
  7 1.4271
 19 1.4271
 27 1.0969
 43 2.1938
 37 2.5096
 43 2.2104
  5 2.8865
  2 1.0969
  9 1.0969
 26 1.0969
 43 1.0969
  7 1.4752
 10 0.9208
 16 0.9208
 27 1.4752
 47 1.3602
 50 1.1980
  2 1.8188
 19 1.3979
  7 1.0000
  9 1.0000
 19 1.0000
 27 1.0000
 43 1.6021
 27 2.2104
  2 1.5897
 41 1.5897
 43 1.2218
 26 2.7219
 26 1.8188
 43 1.3979
 16 1.2218
 34 1.2218
 43 2.8374
 50 2.2104
  7 1.5897
 40 1.5897
 43 1.5897
 11 1.3979
 29 1.8188
 19 1.9575
 34 1.2218
 43 1.5897
  2 1.2218
 10 1.2218
 27 1.2218
 40 2.2104
 28 1.3979
 36 1.3979
 19 1.3979
 28 1.3979
  2 1.6203
 19 1.0969
 27 1.0969
 38 1.0969
 43 2.7219
  2 1.6203
  7 1.0969
 19 1.0969
 22 1.0969
 11 1.3979
 29 2.0649
 34 1.8188
 50 2.0649
 26 1.8188
 43 1.8188
 43 2.7219
  7 0.9208
 11 2.0038
 16 0.9208
 27 0.9208
 29 2.4519
 37 1.1980
  2 0.9208
  7 0.9208
 11 1.1980
 19 1.3602
 27 1.3602
 43 0.9208
  2 1.3979
  7 1.3979
  7 1.3979
 43 1.3979
 27 3.0210
 19 1.3979
 27 1.8188
 19 1.8048
 22 1.2218
 47 1.5897
 34 1.3979
 49 1.8188
  7 1.1980
 11 1.1980
 27 0.9208
 37 1.3602
 42 0.9208
 43 0.9208
  5 1.3979
 43 1.8188
 16 2.7219
 28 2.0649
 36 1.3979
 19 1.9575
 28 1.2218
 43 1.2218
 46 2.2104
  7 2.7219
  7 1.3979
 43 2.2396
  8 1.0000
 16 1.0000
 25 1.0000
 43 1.3010
 50 1.3010
 10 2.1726
 19 1.2218
 31 1.2218
 50 2.2104
  2 1.3979
 31 1.3979
  6 1.4271
 14 1.4271
 23 1.6203
 43 3.5546
  9 1.3979
 43 1.3979
 30 1.8188
 38 2.4857
 11 1.4271
 27 1.0969
 29 1.4271
 43 1.0969
  7 1.3979
 43 1.3979
  9 1.3979
 43 1.8188
 50 2.2104
 11 1.8188
 29 1.3979
 43 3.1348
  2 1.2218
 27 1.9575
 46 1.2218
  9 1.3979
 44 1.3979
 11 1.5897
 27 1.5897
 29 2.0759
 37 1.3979
 43 1.3979
  7 2.2104
  9 1.2218
 18 1.2218
 26 1.5897
 26 1.2218
 42 1.9575
 43 1.2218
  7 1.8188
 33 1.3979
 27 2.2104
 43 2.2104
 43 2.5096
  2 2.7959
 27 2.2396
 19 1.3979
 26 1.3979
  2 0.6990
  9 0.6990
 16 0.6990
 19 0.6990
 26 1.0325
 27 1.1198
 29 0.6990
 37 0.6990
 41 0.6990
 43 0.9094
  7 1.3979
  9 1.3979
  2 1.0355
  7 1.2750
 19 0.7959
 21 0.7959
 27 1.5146
 37 0.7959
 43 1.0355
 51 0.7959
  2 1.3979
 43 2.0649
  7 1.3979
 19 1.3979
  9 1.3979
 34 1.3979
 43 2.2104
 43 2.8865
 43 2.2104
  2 0.6198
  4 0.6198
  7 1.1021
 10 0.6198
 11 0.6198
 27 0.8064
 29 0.6198
 34 0.6198
 37 0.6198
 40 0.6198
 43 1.2652
 47 0.9155
 16 2.2396
 43 1.3979
  8 1.0969
 16 1.0969
 25 1.7573
 43 1.4271
  7 1.3979
 27 1.8188
 19 2.5096
 22 2.5096
  7 2.7172
 15 1.4271
 40 2.8171
 48 1.0969
  7 1.3979
 43 1.8188
 27 1.3979
 43 1.3979
  7 1.2218
 11 1.8048
 40 1.8048
 34 1.3979
 50 1.8188
 41 1.8188
 42 1.3979
 43 2.5096
 43 2.2104
 43 2.2104
 34 1.3979
 50 1.3979
 29 1.8048
 30 1.2218
 37 1.2218
  2 1.9145
 19 1.1980
 27 0.9208
 38 0.9208
 43 0.9208
 47 1.1980
 19 1.3979
 44 1.3979
 19 1.9575
 28 1.5897
 36 1.2218
  5 1.0969
  8 1.0969
 40 1.0969
 43 1.0969
  9 1.3979
 43 1.3979
 19 2.2104
  2 0.8539
  7 1.3680
 10 0.8539
 19 1.1109
 38 0.8539
 43 0.8539
 44 0.8539
  4 0.9094
  7 0.9094
  9 0.6990
 19 0.6990
 34 0.6990
 37 0.6990
 40 0.6990
 43 1.0325
 47 0.6990
 50 1.0325
 11 1.0000
 29 1.3010
 37 1.0000
 40 1.0000
 43 1.0000
  2 2.2104
  7 1.3979
 43 1.3979
  9 1.2218
 40 1.2218
 47 1.2218
 19 2.2104
 50 2.5096
 43 2.5096
  8 0.7959
 19 0.7959
 27 1.0355
 29 0.7959
 33 0.7959
 37 0.7959
 42 0.7959
 43 1.0355
 43 2.7219
  7 1.0969
 11 1.0969
 27 1.4271
 37 1.0969
 11 1.8188
 29 3.3016
  2 0.8064
 19 0.9155
 25 0.6198
 26 0.6198
 27 0.8064
 29 0.8064
 33 0.6198
 34 0.6198
 42 0.6198
 43 0.9155
 46 0.6198
 50 0.6198
  5 2.5096
  7 2.0759
 15 1.2218
 40 1.2218
 11 1.5897
 37 1.8048
 42 1.2218
 27 2.7219
 29 2.2104
  9 1.0969
 11 1.0969
 27 1.0969
 51 1.0969
 22 2.2104
  5 1.2218
 22 1.2218
 34 2.6931
  8 1.3979
 25 1.3979
 43 2.2104
 50 2.2104
  7 2.5096
 26 2.2104
  7 1.2218
  9 1.2218
 50 1.2218
 22 3.0210
 34 1.8188
 42 1.3979
  4 1.0000
 11 1.0000
 21 1.3010
 37 1.0000
 47 1.0000
 19 2.5404
 27 1.2218
 28 1.5897
  2 1.8188
 43 1.3979
  7 1.8188
 43 1.3979
  2 1.3979
 43 1.3979
  2 1.0969
  7 1.7573
 16 1.4271
 27 1.4271
  7 1.2218
 19 1.2218
 40 2.0759
 11 2.0649
 43 1.3979
 43 2.7219
  2 0.9208
  4 0.9208
  7 1.1980
 29 1.3602
 37 0.9208
 43 1.1980
 43 3.0210
 15 1.9575
 32 1.5897
 43 1.5897
 19 1.3979
 36 1.3979
 29 2.2104
 33 1.3979
 37 1.3979
 29 1.2218
 37 1.2218
 40 1.2218
 47 2.0649
 50 1.3979
 25 1.3979
 43 1.3979
 19 2.2104
  7 1.3979
 40 1.3979
 19 1.2218
 23 1.2218
 47 1.2218
 21 3.7895
  2 1.4152
 22 1.0355
 27 1.2750
 30 0.7959
 37 1.5553
 38 1.1756
 42 0.7959
 47 0.7959
 38 1.2218
 39 1.2218
 47 1.2218
  7 1.2218
 42 1.2218
 43 1.2218
  9 1.2218
 34 2.0759
 50 2.3253
 22 1.0969
 27 1.0969
 29 1.7573
 43 1.7573
 25 1.3979
 43 2.7319
  2 0.9094
  4 0.6990
 11 0.9094
 27 0.6990
 29 0.6990
 37 0.9094
 38 0.6990
 40 0.6990
 43 0.9094
 47 0.9094
 29 2.2104
  2 1.3979
 27 2.3751
  4 0.5528
  9 0.5528
 11 0.9393
 26 0.5528
 27 0.5528
 29 0.5528
 34 0.5528
 37 0.9830
 42 0.8166
 43 1.0804
 44 0.5528
 47 0.8166
 48 0.5528
 50 0.7193
 29 1.3979
 43 1.3979
  5 1.2218
  9 1.2218
 43 1.8048
  2 1.0355
  7 0.7959
 27 0.7959
 28 0.7959
 30 0.7959
 38 1.0355
 46 0.7959
 47 1.0355
  3 1.1980
 11 0.9208
 22 1.1980
 29 1.3602
 37 1.3602
 43 1.3602
 27 3.0210
  5 1.0000
  7 1.6021
 34 1.3010
 43 1.0000
 50 1.0000
  7 3.3202
  2 1.2218
 30 1.2218
 43 1.5897
  7 2.7219
 27 2.5096
 22 1.3979
 43 1.8188
 40 1.3979
 43 3.2463
 31 1.3979
 43 3.6525
 27 1.2218
 41 1.2218
 43 1.5897
 10 1.9505
 19 1.7573
 22 1.0969
 36 1.0969
 34 1.8188
 50 1.3979
  9 2.5096
 43 2.5096
 49 2.2104
  9 1.3979
 46 2.3751
  7 1.3979
  9 1.3979
  2 0.6990
  7 0.6990
 11 0.6990
 19 0.6990
 22 0.6990
 29 1.4269
 37 0.9094
 38 0.6990
 43 0.9094
 50 1.0325
  5 2.2104
  9 1.2218
 37 1.2218
 40 1.2218
 14 2.5096
 19 2.5096
  2 1.4685
 21 0.7959
 22 0.7959
 27 1.6824
 28 0.7959
 33 0.7959
 43 1.5146
 44 1.1756
 19 1.3010
 29 1.0000
 40 1.0000
 43 1.6990
 46 1.0000
  7 1.2218
  9 1.2218
 43 1.2218
 22 2.5096
 27 1.3979
 47 1.3979
  2 1.4771
  9 1.0000
 31 1.0000
 41 1.0000
 43 1.0000
 27 1.3979
 28 1.3979
 29 2.0649
 43 1.8188
 43 2.7219
 43 3.4683
 11 1.3979
 34 1.8188
  7 2.0649
 27 2.0649
 43 2.5096
 29 2.5096
 19 1.8188
 44 1.3979
 22 1.4271
 36 1.0969
 42 1.6203
 43 1.4271
  2 1.8636
 19 1.4271
 28 1.0969
 50 1.0969
  5 3.2299
  7 1.2218
 25 2.1726
  9 2.2104
  9 1.0969
 22 1.0969
 30 1.0969
 43 1.4271
  6 1.0969
 14 1.0969
 23 1.0969
 31 2.2807
  7 1.3979
 46 1.8188
 10 0.9208
 22 1.3602
 27 0.9208
 37 0.9208
 43 1.3602
 50 0.9208
 30 1.3979
 38 2.3751
 22 1.7573
 28 1.0969
 37 1.0969
 40 1.6203
 43 3.5325
 43 3.1348
  7 2.2104
 43 1.3979
 50 1.3979
  2 1.2218
 27 2.2544
 43 1.2218
 27 2.2104
 43 2.2104
  7 1.3979
 40 1.3979
  9 1.0969
 19 1.0969
 27 1.0969
 43 1.0969
  9 1.2218
 27 1.2218
 50 1.2218
  2 1.5183
  9 0.8539
 26 0.8539
 27 0.8539
 37 0.8539
 40 0.8539
 43 1.1109
 19 1.4271
 26 1.7573
 37 1.0969
 43 1.0969
 43 2.2104
 11 1.5897
 29 1.5897
 37 1.2218
 25 1.3979
 41 1.3979
  2 0.7959
  7 1.4152
 22 0.7959
 27 1.0355
 29 1.9715
 37 0.7959
 43 1.2750
 46 0.7959
 27 2.2104
  5 1.3979
 43 2.2396
 27 1.5897
 28 1.2218
 43 1.8048
  9 1.4271
 11 1.0969
 29 1.4271
 37 1.4271
 22 2.3751
 27 2.0649
 27 1.3979
 43 1.3979
 37 1.2218
 43 1.2218
 47 1.2218
  7 1.2218
 29 1.8048
 43 1.2218
 40 1.8188
 43 2.0649
 43 2.7219
  2 0.7959
  4 0.7959
  7 1.3522
 11 0.7959
 27 1.0355
 29 1.1756
 37 1.1756
 43 0.7959
  7 2.8865
  3 2.2104
 19 1.3979
 43 2.4857
 43 2.2104
  9 1.9575
 34 2.0759
 50 2.6931
 43 3.1348
  7 1.8188
 40 1.3979
 17 0.8539
 18 1.1109
 24 0.8539
 28 1.1109
 39 0.8539
 43 1.1109
 51 0.8539
 28 1.8188
 36 1.3979
 40 2.2104
  9 0.9208
 11 1.3602
 34 1.1980
 40 1.1980
 43 1.1980
 47 0.9208
  9 1.8188
 34 2.0649
 19 1.3979
 43 1.3979
 29 2.2104
  7 1.3979
 27 1.3979
  2 1.3979
 27 2.7319
 43 2.2104
 10 1.0000
 19 1.0000
 27 1.0000
 43 1.0000
 50 1.0000
 15 2.2104
  9 3.5325
  2 0.8539
  8 0.8539
 19 1.6687
 22 0.8539
 27 1.3680
 28 1.2613
 43 0.8539
  2 1.1109
  8 0.8539
  9 0.8539
 19 1.1109
 27 0.8539
 44 0.8539
 46 1.1109
  9 1.0969
 10 1.0969
 19 1.0969
 43 1.4271
 42 1.3979
 43 1.3979
 22 2.2104
  2 1.5897
 27 1.2218
 43 2.4437
 28 1.3979
 43 1.3979
 25 2.7219
 26 1.3979
 42 1.3979
 27 2.5096
 26 1.3979
 43 1.3979
 43 2.5096
 50 1.8188
 51 1.3979
 19 1.8188
 44 1.3979
  7 1.0000
  9 1.0000
 19 1.0000
 26 1.0000
 42 1.4771
  2 1.3979
 27 1.3979
 19 1.0969
 24 1.0969
 28 1.0969
 31 1.0969
 19 1.3979
 43 2.0649
 19 1.2218
 27 1.2218
 43 1.8048
 27 3.1348
 17 1.0969
 27 1.6203
 28 1.0969
 43 1.4271
 22 2.2104
 34 2.5793
 50 2.3751
 27 2.2104
 43 2.2104
  9 2.2104
 28 2.7959
 36 1.3979
  2 1.3979
 19 1.3979
  2 1.3979
 27 1.8188
  7 0.8539
 16 1.1109
 19 0.8539
 31 0.8539
 33 0.8539
 41 0.8539
 43 1.4507
  7 2.1436
 15 1.0969
 24 1.7573
 40 2.9103
  7 0.9208
 17 0.9208
 27 0.9208
 37 0.9208
 40 0.9208
 43 1.3602
  9 1.3979
 43 1.3979
 43 2.2104
 18 1.4271
 19 1.6203
 27 1.0969
 43 1.0969
  2 1.3522
  8 0.7959
 22 0.7959
 27 0.7959
 38 1.2750
 42 1.0355
 43 0.7959
 46 1.4152
  7 1.2218
 11 1.2218
 12 1.2218
  2 1.4771
  5 1.0000
 19 1.3010
 27 1.0000
 43 1.3010
  2 2.5096
 27 2.2104
  2 1.0000
  9 1.3010
 19 1.3010
 43 1.3010
 44 1.0000
  7 1.8188
 17 1.3979
 29 2.2104
 38 1.8188
 46 2.6604
 43 2.2104
 22 1.8636
 27 1.0969
 43 3.0394
 47 1.0969
  2 1.8048
 21 1.2218
 42 1.2218
  5 2.2104
  2 1.3979
  7 1.3979
  7 2.0649
 43 1.3979
 43 2.2104
 27 3.2333
 43 1.3979
 50 1.3979
 19 1.3010
 27 1.0000
 28 1.0000
 36 1.6021
 43 1.4771
  9 2.7219
 38 1.2218
 43 1.8048
 46 1.2218
 26 2.0649
 43 1.3979
 27 1.3979
 43 1.3979
 34 1.3979
 43 1.8188
  7 1.3979
 43 1.8188
  4 1.2218
 27 2.5404
 29 1.5897
  2 1.0000
  7 1.0000
 31 1.0000
 33 1.3010
 43 1.3010
  7 1.0000
 25 1.0000
 27 1.3010
 30 1.0000
 40 1.3010
 22 1.0969
 26 1.0969
 27 1.0969
 43 1.0969
  5 1.3979
 27 1.3979
  5 3.9454
 25 1.8188
 27 1.3979
  2 1.8188
 27 2.2396
  5 2.8865
  5 2.2104
  7 1.0969
 27 1.4271
 29 1.0969
 43 1.4271
 27 1.2218
 43 1.2218
 46 1.2218
 43 1.3979
 50 1.3979
 10 1.3979
 11 1.3979
  7 3.3016
 27 2.7319
  2 1.4271
 28 1.0969
 43 1.6203
 49 1.0969
 16 1.0969
 22 1.7573
 37 1.0969
 43 1.0969
 21 1.3979
 46 1.3979
  2 1.2218
 19 1.2218
 43 1.2218
  4 1.3010
 22 1.0000
 29 1.0000
 37 1.0000
 43 1.0000
  7 1.5897
 37 1.2218
 40 1.2218
  7 1.3979
 43 1.3979
 19 1.3979
 43 2.0649
  5 2.8537
 22 1.3979
 27 2.4857
 29 1.3979
  7 2.2396
 25 1.3979
  7 0.8539
 22 0.8539
 27 1.5755
 34 0.8539
 37 0.8539
 40 1.1109
 43 1.2613
  7 2.0649
 25 1.8188
  2 1.3979
  7 1.8188
  5 1.3979
 25 2.2396
  7 1.0969
 26 1.0969
 43 1.7573
 50 1.4271
  7 1.0969
 25 1.0969
 27 1.4271
 40 1.4271
  7 1.4771
 25 1.3010
 27 1.0000
 33 1.0000
 43 1.0000
  7 1.3979
 43 2.3751
  7 1.0969
 25 1.4271
 27 1.4271
 43 1.7573
  7 1.5897
 25 1.2218
 40 1.5897
  7 1.8048
 25 2.0759
 44 1.2218
  7 1.2218
 25 1.9575
 27 1.2218
  2 1.0000
  7 1.7782
 15 1.0000
 19 1.3010
 37 1.0000
  8 1.3979
 19 1.3979
  9 1.0969
 25 1.4271
 43 1.0969
 46 1.0969
 10 0.9208
 27 0.9208
 29 1.3602
 35 0.9208
 37 0.9208
 43 1.5644
 25 1.8048
 30 1.2218
 40 1.5897
 27 2.2104
  5 2.2104
 43 2.2104
 22 1.3979
 26 1.3979
 27 1.8188
 43 1.3979
  8 1.0000
  9 1.3010
 16 1.0000
 26 1.0000
 43 1.6990
 43 2.5096
  9 2.2104
 37 1.2218
 40 1.2218
 50 1.5897
 43 3.0210
  9 1.2218
 25 1.2218
 43 2.3253
 43 1.3979
 48 1.3979
  2 1.2218
 27 1.5897
 41 1.2218
  7 1.4271
 25 1.6203
 30 1.0969
 33 1.0969
  7 2.3751
 43 1.8188
  2 1.1980
  7 1.6374
 16 1.1980
 19 1.1980
 33 0.9208
 43 1.3602
  2 0.6990
  7 0.9094
  9 0.6990
 19 0.9094
 25 0.6990
 27 0.6990
 36 0.6990
 41 0.6990
 43 0.6990
 44 0.9094
  2 1.3979
 27 2.0649
  2 1.0325
  7 1.0325
  9 0.6990
 19 1.5590
 27 0.6990
 28 1.2429
 34 0.6990
 36 1.3660
 43 1.1875
 44 1.3660
  2 0.6785
  3 0.3565
  5 0.8980
  9 0.5712
 10 0.3565
 11 0.4639
 17 0.3565
 19 0.4639
 20 0.4639
 25 0.5712
 26 0.3565
 27 0.6968
 28 0.5712
 29 0.4639
 34 0.3565
 36 0.6579
 37 0.4639
 42 0.4639
 43 1.1572
 44 0.4639
 47 0.3565
 50 0.4639
  2 0.7959
  7 1.4685
 19 1.3522
 25 1.0355
 27 0.7959
 36 1.0355
 40 0.7959
 43 1.3522
  4 1.0000
 12 1.0000
 21 1.0000
 43 1.7782
 46 1.0000
  9 1.0000
 19 1.0000
 27 1.0000
 28 1.0000
 43 1.0000
 27 1.3979
 43 1.3979
  5 2.4177
 22 1.8636
 25 2.4466
 51 1.0969
 19 1.0969
 25 1.0969
 43 1.6203
 44 1.0969
  5 1.3979
  7 1.3979
  2 1.8188
 27 1.3979
 28 1.3979
 47 2.2396
 27 2.2104
  8 1.0969
 16 1.0969
 25 1.0969
 43 1.0969
  5 2.2104
  7 2.2104
 27 2.2104
 27 2.2104
 27 1.3979
 43 1.3979
  7 2.1726
 32 1.2218
 40 1.8048
  9 1.0969
 27 1.7573
 34 1.0969
 42 1.0969
 19 1.3979
 43 1.3979
 38 1.3979
 43 1.3979
  5 1.3979
  9 1.3979
  9 1.5897
 19 1.2218
 26 1.5897
  5 2.3751
 22 2.3751
 27 3.4683
 43 2.5096
  7 2.2104
 27 1.3979
 43 1.8188
 19 2.0649
 43 1.3979
  2 0.8539
  8 1.1109
 16 0.8539
 19 1.5183
 27 1.3680
 28 0.8539
 36 1.3680
  2 1.3979
 27 1.8188
 11 1.3979
 40 1.8188
 19 2.8537
 44 1.3979
 19 1.2218
 27 1.9575
 44 1.2218
 27 1.3979
 38 1.3979
 40 2.2104
  2 1.3979
 43 2.7319
 43 2.5096
 43 1.3979
 51 1.3979
 43 2.2104
  7 2.0649
 40 1.3979
 19 1.3979
 43 1.3979
  5 1.9505
  9 1.4271
 22 1.0969
 43 2.0239
 43 2.2104
 43 2.2104
  4 1.3979
 12 1.3979
  2 2.2104
  5 2.2104
  5 2.2104
  9 1.3979
 22 2.0649
 10 1.2218
 38 1.2218
 50 1.2218
 21 1.3979
 27 1.8188
  5 0.6990
  7 0.6990
 11 0.6990
 19 1.0325
 27 1.3979
 29 1.1198
 37 0.9094
 38 0.9094
 43 1.4533
 50 0.6990
 47 2.2104
 50 2.2104
  2 1.5644
  9 1.3602
 14 0.9208
 22 0.9208
 26 0.9208
 49 0.9208
  2 1.0969
 27 1.0969
 43 1.0969
 47 1.0969
 19 1.5897
 26 1.2218
 43 1.2218
  5 1.8188
  7 1.3979
 27 1.3979
 42 1.3979
  7 1.0969
 19 1.4271
 21 1.0969
 43 1.0969
 43 2.2104
 11 1.3979
 37 1.3979
 11 1.3979
 43 1.3979
 43 2.2104
  3 1.3602
 16 1.1980
 19 1.1980
 29 1.3602
 41 0.9208
 43 0.9208
 19 1.3979
 43 1.3979
 19 2.9552
 44 1.3979
 19 1.8188
 27 1.3979
  7 1.0969
 29 1.0969
 34 1.0969
 47 1.0969
 22 1.8188
 27 1.3979
  7 1.0000
 19 1.0000
 27 1.3010
 40 1.0000
 43 1.3010
 22 1.3979
 27 1.3979
  2 1.0969
  5 1.0969
 27 1.0969
 47 1.4271
 19 1.3979
 27 1.8188
  2 3.1380
 16 1.2218
 42 1.2218
 43 2.5096
 34 2.5793
 50 2.6604
  7 2.5096
  5 1.3979
 40 1.8188
  9 1.2218
 19 1.2218
 43 2.0759
 22 1.3979
 43 1.8188
  5 3.0210
  7 2.5906
 22 1.0969
 27 2.1436
 43 1.0969
 19 1.5897
 28 1.2218
 36 1.2218
  5 1.3979
 43 1.3979
 47 2.5096
  7 1.3010
 16 1.0000
 22 1.0000
 46 1.0000
 47 1.0000
 50 2.5096
  2 0.4437
  3 0.5773
  7 0.8444
  9 0.6554
 11 0.7108
 12 0.4437
 16 0.5773
 19 0.8187
 21 0.4437
 27 0.6554
 28 0.4437
 29 0.9380
 37 0.9058
 42 0.4437
 43 0.9896
 47 0.4437
 50 0.4437
 51 0.4437
 50 2.2104
 38 1.2218
 43 1.5897
 47 2.3253
 29 2.0649
 37 1.3979
 43 3.2333
  5 2.0649
 22 1.3979
 27 1.3979
 47 1.3979
 28 2.0649
 36 1.3979
 19 2.5096
 22 1.2218
 27 2.7556
 43 1.5897
 22 1.3979
 41 1.3979
  5 2.3751
 31 2.0649
 47 2.2104
  7 1.1931
 19 1.4173
 22 0.7447
 27 0.7447
 29 1.3741
 33 0.7447
 40 0.7447
 43 1.2653
 50 0.7447
  2 1.0000
 10 1.0000
 12 1.3010
 43 1.3010
 49 1.0000
  5 1.5897
  7 1.2218
 43 1.5897
 10 1.2218
 19 1.2218
 27 1.8048
  7 2.2104
 19 1.3979
 43 1.3979
 28 1.3979
 36 1.8188
  2 1.1980
  9 0.9208
 27 1.4752
 38 0.9208
 43 0.9208
 50 0.9208
 22 2.2104
  7 2.5096
 43 2.2104
  7 3.2333
  5 1.3979
 51 1.3979
 27 3.3202
 43 2.2104
  8 1.0969
 25 1.0969
 34 1.7573
 50 1.4271
 29 4.9230
  4 0.8539
 11 0.8539
 26 1.1109
 29 1.1109
 37 1.2613
 42 1.4507
 43 0.8539
 26 1.3979
 51 1.3979
  9 1.3979
 22 1.3979
 43 2.5096
 46 2.2104
 50 2.2104
  7 2.2104
 29 2.5096
  7 1.3979
 43 1.3979
 19 2.3878
 28 1.8048
 43 1.5897
  2 1.2218
 19 1.2218
 43 1.2218
 26 1.2218
 27 1.2218
 51 1.2218
  9 1.3979
 29 1.8188
 27 2.2104
  2 1.3979
  6 1.3979
  7 2.0649
 40 1.8188
 47 1.3979
 50 1.3979
  5 2.2104
  5 1.3979
 43 2.7319
  9 1.3979
 43 1.3979
  7 1.3979
 22 1.3979
  5 1.3979
 43 3.1180
 25 2.2104
  2 1.2218
 19 1.5897
 27 1.2218
  5 1.3979
 43 2.2396
 19 2.1726
 43 1.5897
 44 1.2218
  2 1.0969
 27 1.0969
 38 1.0969
 44 1.0969
 27 2.8865
  7 1.3979
 40 1.8188
 43 2.2104
 27 1.5897
 38 1.2218
 41 1.2218
 43 2.5096
 33 1.2218
 42 1.2218
 43 1.5897
  5 1.3979
  7 2.2396
 11 2.2104
  5 4.0125
  9 1.5897
 15 1.2218
 22 1.2218
  2 1.3602
  9 0.9208
 19 1.4752
 21 0.9208
 27 0.9208
 43 1.1980
  2 1.3979
 37 1.8188
  2 1.3979
 27 2.0649
  2 1.0969
  5 1.4271
 19 1.4271
 27 2.9311
  7 2.2104
  8 1.8188
 44 1.3979
 22 0.9208
 27 0.9208
 29 0.9208
 37 1.1980
 43 0.9208
 44 0.9208
 29 1.3979
 43 1.3979
  2 1.0969
  7 1.0969
 41 1.8636
 46 1.0969
  9 1.0969
 19 1.4271
 37 1.0969
 44 1.4271
 19 1.3979
 44 1.3979
 39 1.3979
 47 1.3979
 19 1.3979
 27 1.3979
 43 2.7219
 43 2.2104
  5 2.8865
 19 1.8188
 44 1.3979
  9 2.7219
 27 2.5096
  9 1.3979
 27 1.3979
  2 0.5850
  8 0.7611
 12 0.5850
 15 0.5850
 16 0.5850
 22 0.5850
 24 0.5850
 25 0.5850
 29 0.5850
 30 0.5850
 42 0.5850
 43 0.5850
 47 0.5850
  2 1.3979
 41 2.2396
  9 2.2396
 43 1.3979
  5 3.3202
 43 2.8865
 43 2.8865
 11 1.1980
 19 0.9208
 22 0.9208
 27 0.9208
 33 0.9208
 43 1.1980
 39 1.8188
 47 1.3979
  7 0.8539
  9 0.8539
 22 1.5183
 29 1.3680
 34 0.8539
 37 0.8539
 47 0.8539
  5 1.3979
  7 1.8188
  7 1.2218
 19 2.1726
 40 1.2218
 43 2.2104
  4 1.3979
 12 1.3979
  7 1.8048
 19 1.2218
 29 1.2218
  2 1.8048
 19 1.5897
 27 1.5897
  5 3.0210
  9 1.3979
 43 1.3979
 19 1.2218
 27 1.9575
 43 1.2218
  7 2.2396
 43 1.3979
  2 1.3979
 16 1.3979
 27 3.0210
 42 1.3979
 43 1.3979
 18 2.2104
 43 3.2333
 28 1.3979
 43 2.5793
 43 3.2333
  7 1.8048
 42 1.2218
 47 1.5897
  4 1.6203
  9 1.7573
 18 2.0239
 38 1.0969
 34 1.8188
 43 1.3979
 43 2.2104
  2 1.8188
 19 1.3979
 27 2.2104
 10 1.3979
 43 1.3979
 30 1.3979
 38 1.3979
 27 2.2104
  2 0.3151
  5 0.1192
  7 0.3440
  8 0.1551
  9 0.2768
 10 0.1761
 11 0.2627
 15 0.1761
 16 0.2384
 17 0.1551
 18 0.1551
 19 0.3227
 21 0.1761
 22 0.2878
 24 0.1192
 26 0.2594
 27 0.3391
 28 0.2716
 29 0.3174
 30 0.1909
 31 0.1192
 33 0.1551
 34 0.2594
 35 0.1192
 37 0.2898
 38 0.2199
 39 0.1192
 40 0.2520
 41 0.1909
 42 0.1909
 43 0.3960
 44 0.2433
 46 0.2558
 47 0.2520
 48 0.1192
 49 0.2025
 50 0.2688
 51 0.2199
 27 1.0969
 28 1.0969
 43 1.0969
 44 1.0969
 27 2.7219
 43 2.2104
 25 1.3979
 43 1.3979
  7 2.0239
 12 1.0969
 27 1.6203
 40 1.4271
  7 1.0969
  9 1.0969
 10 1.0969
 43 1.0969
  7 2.2396
 40 2.2396
  7 0.7959
 12 0.7959
 19 1.3522
 22 1.4152
 27 1.0355
 30 1.0355
 31 0.7959
 43 1.6548
 19 1.0969
 28 1.0969
 38 1.0969
 48 1.6203
 19 2.7219
 27 2.7219
  5 2.7219
 26 2.5096
  7 1.3979
 27 2.0649
 27 1.3979
 46 1.3979
  9 1.2218
 34 1.8048
 50 1.5897
 22 1.3979
 28 1.3979
  7 2.8865
  5 1.3979
 43 2.3751
  7 2.2104
 19 1.0969
 27 1.4271
 42 1.0969
 43 3.0312
 22 2.2104
 24 1.3979
 43 1.3979
 43 2.2104
  2 0.9208
 19 0.9208
 27 1.3602
 37 1.1980
 38 0.9208
 43 0.9208
  5 2.2104
  5 1.3979
 50 1.3979
  2 1.3979
 16 1.3979
  5 2.2104
  2 0.7959
  8 0.7959
 21 0.7959
 27 0.7959
 37 1.0355
 40 0.7959
 41 0.7959
 43 1.1756
  7 2.7219
 17 0.8539
 18 0.8539
 25 0.8539
 27 0.8539
 34 0.8539
 42 1.1109
 43 1.3680
 19 1.8188
 28 1.3979
  2 0.9208
  7 0.9208
  9 1.1980
 33 1.3602
 43 1.7524
 47 0.9208
  7 2.2104
 19 2.2104
 43 2.2104
 27 2.2104
 43 2.2104
  2 2.2104
  2 0.7959
  7 0.7959
 11 0.7959
 19 1.0355
 27 1.4685
 29 0.7959
 43 1.0355
 49 0.7959
 27 2.5096
 50 2.2104
 43 3.1348
 22 2.2104
